-- phpMyAdmin SQL Dump
-- version 4.7.0
-- https://www.phpmyadmin.net/
--
-- Host: 127.0.0.1
-- Generation Time: Sep 08, 2019 at 08:22 AM
-- Server version: 10.1.25-MariaDB
-- PHP Version: 5.6.31

SET SQL_MODE = "NO_AUTO_VALUE_ON_ZERO";
SET AUTOCOMMIT = 0;
START TRANSACTION;
SET time_zone = "+00:00";


/*!40101 SET @OLD_CHARACTER_SET_CLIENT=@@CHARACTER_SET_CLIENT */;
/*!40101 SET @OLD_CHARACTER_SET_RESULTS=@@CHARACTER_SET_RESULTS */;
/*!40101 SET @OLD_COLLATION_CONNECTION=@@COLLATION_CONNECTION */;
/*!40101 SET NAMES utf8mb4 */;

--
-- Database: `similarity_checker`
--

-- --------------------------------------------------------

--
-- Table structure for table `judul`
--

CREATE TABLE `judul` (
  `id` int(11) NOT NULL,
  `judul` varchar(350) NOT NULL
) ENGINE=InnoDB DEFAULT CHARSET=latin1;

--
-- Dumping data for table `judul`
--

INSERT INTO `judul` (`id`, `judul`) VALUES
(1, 'code mixing analysis used by indonesian vloggers : a sociolinguistic approach'),
(2, 'code mixing used in suhay salim’s vlogs : a sociolinguistic study'),
(3, 'hip hop slang used in wiz khalifa’s song lyrics: a sociolinguistic study');

-- --------------------------------------------------------

--
-- Table structure for table `sc_q_tfidf`
--

CREATE TABLE `sc_q_tfidf` (
  `id` int(4) NOT NULL,
  `term` varchar(50) NOT NULL,
  `jumlah` int(4) NOT NULL,
  `idf` double NOT NULL
) ENGINE=InnoDB DEFAULT CHARSET=latin1;

--
-- Dumping data for table `sc_q_tfidf`
--

INSERT INTO `sc_q_tfidf` (`id`, `term`, `jumlah`, `idf`) VALUES
(1, 'us', 1, 0.69),
(2, 'slang', 1, 1.55),
(3, 'rush', 1, 2.152),
(4, 'hour', 1, 2.152),
(5, '3', 1, 1.55),
(6, 'movi', 1, 1.453),
(7, 'sociolinguist', 1, 1.038),
(8, 'studi', 1, 0.81);

-- --------------------------------------------------------

--
-- Table structure for table `sc_q_vector`
--

CREATE TABLE `sc_q_vector` (
  `queryid` int(4) NOT NULL,
  `vector` double NOT NULL
) ENGINE=InnoDB DEFAULT CHARSET=latin1;

-- --------------------------------------------------------

--
-- Table structure for table `sc_tfidf`
--

CREATE TABLE `sc_tfidf` (
  `id` int(10) NOT NULL,
  `term` varchar(50) NOT NULL,
  `docid` int(11) NOT NULL,
  `jumlah` int(3) NOT NULL,
  `idf` double NOT NULL
) ENGINE=InnoDB DEFAULT CHARSET=utf8;

--
-- Dumping data for table `sc_tfidf`
--

INSERT INTO `sc_tfidf` (`id`, `term`, `docid`, `jumlah`, `idf`) VALUES
(1, 'struggl', 301, 1, 1.453),
(2, 'jb', 301, 1, 2.152),
(3, 'bernstein', 301, 1, 2.152),
(4, 'american', 301, 1, 0.561),
(5, 'dream', 301, 1, 1.675),
(6, 'success', 301, 1, 2.152),
(7, 'reflect', 301, 1, 0.596),
(8, 'film', 301, 1, 0.675),
(9, 'million', 301, 1, 2.152),
(10, 'dollar', 301, 1, 2.152),
(11, 'arm', 301, 1, 2.152),
(12, 'power', 302, 1, 2.152),
(13, 'american', 302, 1, 0.561),
(14, 'hegemoni', 302, 1, 1.851),
(15, 'seen', 302, 1, 0.661),
(16, 'scienc', 302, 1, 2.152),
(17, 'fiction', 302, 1, 2.152),
(18, 'film', 302, 1, 0.675),
(19, 'transform', 302, 1, 1.851),
(20, 'dark', 302, 1, 2.152),
(21, 'moon', 302, 1, 2.152),
(22, 'javanes', 303, 1, 2.152),
(23, 'social', 303, 1, 1.307),
(24, 'class', 303, 1, 1.675),
(25, 'conflict', 303, 1, 1.453),
(26, '1960', 303, 1, 2.152),
(27, '1990', 303, 1, 2.152),
(28, 'depict', 303, 1, 1.851),
(29, 'okki', 303, 1, 1.851),
(30, 'madasari', 303, 1, 1.851),
(31, 'year', 303, 1, 2.152),
(32, 'voiceless', 303, 1, 2.152),
(33, 'punk', 304, 1, 1.851),
(34, 'musician', 304, 1, 2.152),
(35, 'social', 304, 1, 1.307),
(36, 'movement', 304, 1, 2.152),
(37, 'around', 304, 1, 2.152),
(38, '70', 304, 1, 2.152),
(39, 'american', 304, 1, 0.561),
(40, 'capit', 304, 1, 2.152),
(41, 'relect', 304, 1, 2.152),
(42, 'cbgb', 304, 1, 2.152),
(43, 'film', 304, 1, 0.675),
(44, 'hippi', 305, 1, 2.152),
(45, 'american', 305, 1, 0.561),
(46, 'counter', 305, 1, 2.152),
(47, 'cultur', 305, 1, 1.851),
(48, 'reflect', 305, 1, 0.596),
(49, 'film', 305, 1, 0.675),
(50, 'take', 305, 1, 2.152),
(51, 'woodstock', 305, 1, 2.152),
(52, 'feminist', 306, 1, 1.374),
(53, 'valu', 306, 1, 1.453),
(54, 'reflect', 306, 1, 0.596),
(55, 'film', 306, 1, 0.675),
(56, 'punk', 306, 1, 1.851),
(57, 'singer', 306, 1, 1.851),
(58, 'denot', 307, 1, 1.675),
(59, 'connot', 307, 1, 1.675),
(60, 'mean', 307, 1, 1.249),
(61, 'bring', 307, 1, 2.152),
(62, 'horizon', 307, 1, 2.152),
(63, 'lyric', 307, 1, 1.073),
(64, 'spirit', 307, 1, 1.851),
(65, 'album', 307, 1, 1.374),
(66, 'semant', 307, 1, 1.249),
(67, 'analysi', 307, 1, 0.675),
(68, 'social', 308, 1, 1.307),
(69, 'condit', 308, 1, 1.851),
(70, 'japanes', 308, 1, 2.152),
(71, 'geisha', 308, 1, 2.152),
(72, 'reflect', 308, 1, 0.596),
(73, 'short', 308, 1, 1.307),
(74, 'stori', 308, 1, 1.307),
(75, 'madam', 308, 1, 2.152),
(76, 'butterfli', 308, 1, 2.152),
(77, 'jhon', 308, 1, 2.152),
(78, 'luther', 308, 1, 2.152),
(79, 'long', 308, 1, 2.152),
(80, 'american', 309, 2, 0.561),
(81, 'exception', 309, 1, 2.152),
(82, 'toward', 309, 1, 1.249),
(83, 'invas', 309, 1, 2.152),
(84, 'afghanistan', 309, 1, 1.851),
(85, 'oper', 309, 1, 2.152),
(86, 'red', 309, 1, 1.851),
(87, 'wing', 309, 1, 2.152),
(88, 'reflect', 309, 1, 0.596),
(89, 'film', 309, 1, 0.675),
(90, 'lone', 309, 1, 1.851),
(91, 'survivor', 309, 1, 1.675),
(92, 'social', 310, 1, 1.307),
(93, 'class', 310, 1, 1.675),
(94, 'victorian', 310, 1, 1.851),
(95, 'era', 310, 1, 1.675),
(96, 'reflect', 310, 1, 0.596),
(97, 'h', 310, 1, 1.851),
(98, 'g', 310, 1, 2.152),
(99, 'well', 310, 1, 2.152),
(100, 'novel', 310, 1, 1.249),
(101, 'time', 310, 1, 1.851),
(102, 'machin', 310, 1, 2.152),
(103, 'totto', 311, 2, 2.152),
(104, 'chan', 311, 2, 2.152),
(105, 'characterist', 311, 1, 2.152),
(106, 'kuroyanagi', 311, 1, 2.152),
(107, 'tetsuko', 311, 1, 2.152),
(108, 'novel', 311, 1, 1.249),
(109, 'entitl', 311, 1, 1.851),
(110, 'littl', 311, 1, 2.152),
(111, 'girl', 311, 1, 1.851),
(112, 'window', 311, 1, 2.152),
(113, 'violat', 312, 1, 1.851),
(114, 'toward', 312, 1, 1.249),
(115, 'children', 312, 1, 1.675),
(116, 'charact', 312, 1, 0.976),
(117, 'england', 312, 1, 2.152),
(118, 'seen', 312, 1, 0.661),
(119, 'constanc', 312, 1, 2.152),
(120, 'brisco', 312, 1, 2.152),
(121, 'ugli', 312, 1, 2.152),
(122, '1966', 312, 1, 2.152),
(123, 'flout', 313, 1, 2.152),
(124, 'maxim', 313, 1, 1.851),
(125, 'implicatur', 313, 1, 1.851),
(126, 'meme', 313, 1, 1.851),
(127, 'post', 313, 1, 1.453),
(128, '8dict', 313, 1, 2.152),
(129, 'tumblr', 313, 1, 2.152),
(130, 'com', 313, 1, 1.851),
(131, 'pragmat', 313, 1, 1.307),
(132, 'analysi', 313, 1, 0.675),
(133, 'syntact', 314, 1, 1.55),
(134, 'analysi', 314, 1, 0.675),
(135, 'noun', 314, 1, 1.675),
(136, 'claus', 314, 1, 2.152),
(137, 'opinion', 314, 1, 2.152),
(138, 'column', 314, 1, 1.675),
(139, 'time', 314, 1, 1.851),
(140, 'newspap', 314, 1, 2.152),
(141, 'impact', 315, 1, 1.453),
(142, 'divorc', 315, 1, 2.152),
(143, 'main', 315, 1, 1.111),
(144, 'male', 315, 1, 2.152),
(145, 'charact', 315, 1, 0.976),
(146, 'steve', 315, 1, 2.152),
(147, 'miller', 315, 1, 2.152),
(148, 'reflect', 315, 1, 0.596),
(149, 'nichola', 315, 1, 1.851),
(150, 'spark', 315, 1, 2.152),
(151, 'last', 315, 1, 2.152),
(152, 'song', 315, 1, 0.948),
(153, 'verbal', 316, 2, 1.851),
(154, 'non', 316, 1, 1.851),
(155, 'symbol', 316, 1, 1.307),
(156, 'found', 316, 1, 1.55),
(157, 'antonio', 316, 1, 2.152),
(158, 'federici', 316, 1, 2.152),
(159, 'gelato', 316, 1, 2.152),
(160, 'italiano', 316, 1, 2.152),
(161, 'ic', 316, 1, 2.152),
(162, 'cream', 316, 1, 2.152),
(163, 'advertis', 316, 1, 1.453),
(164, 'semiot', 316, 1, 1.374),
(165, 'analysi', 316, 1, 0.675),
(166, 'subprim', 317, 1, 2.152),
(167, 'mortgag', 317, 1, 2.152),
(168, 'america', 317, 1, 1.851),
(169, 'seen', 317, 1, 0.661),
(170, 'film', 317, 1, 0.675),
(171, 'big', 317, 1, 2.152),
(172, 'short', 317, 1, 1.307),
(173, 'us', 318, 1, 0.69),
(174, 'blend', 318, 1, 2.152),
(175, 'word', 318, 1, 1.55),
(176, 'format', 318, 1, 1.851),
(177, 'brand', 318, 1, 2.152),
(178, 'morphosemant', 318, 1, 2.152),
(179, 'approach', 318, 1, 0.976),
(180, 'malcolm', 319, 2, 2.152),
(181, 'x', 319, 2, 2.152),
(182, 'person', 319, 1, 1.453),
(183, 'transform', 319, 1, 1.851),
(184, 'reflect', 319, 1, 0.596),
(185, 'film', 319, 1, 0.675),
(186, 'human', 320, 1, 1.851),
(187, 'seen', 320, 1, 0.661),
(188, 'languag', 320, 1, 1.374),
(189, 'bob', 320, 1, 2.152),
(190, 'marlei', 320, 1, 2.152),
(191, 'song', 320, 1, 0.948),
(192, 'lyric', 320, 1, 1.073),
(193, 'critic', 320, 1, 1.374),
(194, 'discours', 320, 1, 1.55),
(195, 'analysi', 320, 1, 0.675),
(196, 'impact', 321, 1, 1.453),
(197, 'trump', 321, 1, 1.374),
(198, 'speech', 321, 1, 1.198),
(199, 'american', 321, 1, 0.561),
(200, 'presidenti', 321, 1, 1.249),
(201, 'campaign', 321, 1, 1.55),
(202, '2016', 321, 1, 1.55),
(203, 'toward', 321, 1, 1.249),
(204, 'muslim', 321, 1, 1.851),
(205, 'ident', 321, 1, 2.152),
(206, 'seen', 321, 1, 0.661),
(207, 'documentari', 321, 1, 1.307),
(208, 'video', 321, 1, 1.249),
(209, 'jame', 322, 1, 2.152),
(210, 'whitei', 322, 1, 2.152),
(211, 'bulger', 322, 1, 2.152),
(212, 'motiv', 322, 1, 1.851),
(213, 'commit', 322, 1, 2.152),
(214, 'crime', 322, 1, 2.152),
(215, 'reflect', 322, 1, 0.596),
(216, 'film', 322, 1, 0.675),
(217, 'black', 322, 1, 1.55),
(218, 'mass', 322, 1, 2.152),
(219, 'impact', 323, 1, 1.453),
(220, 'famili', 323, 1, 2.152),
(221, 'conflict', 323, 1, 1.453),
(222, 'children', 323, 1, 1.675),
(223, 'behavior', 323, 1, 2.152),
(224, 'reflect', 323, 1, 0.596),
(225, 'film', 323, 1, 0.675),
(226, 'american', 323, 1, 0.561),
(227, 'beauti', 323, 1, 1.675),
(228, 'school', 324, 1, 1.675),
(229, 'bulli', 324, 2, 1.851),
(230, 'seen', 324, 1, 0.661),
(231, 'video', 324, 1, 1.249),
(232, 'game', 324, 1, 1.374),
(233, 'scholarship', 324, 1, 2.152),
(234, 'edit', 324, 1, 2.152),
(235, 'person', 325, 1, 1.453),
(236, 'nombeko', 325, 1, 2.152),
(237, 'mayeki', 325, 1, 2.152),
(238, 'reflect', 325, 1, 0.596),
(239, 'jona', 325, 1, 2.152),
(240, 'jonasson', 325, 1, 2.152),
(241, 'girl', 325, 1, 1.851),
(242, 'save', 325, 1, 2.152),
(243, 'king', 325, 1, 2.152),
(244, 'sweden', 325, 1, 2.152),
(245, 'psycholog', 325, 1, 1.55),
(246, 'aprroach', 325, 1, 1.851),
(247, 'women', 326, 1, 1.249),
(248, 'beauti', 326, 1, 1.675),
(249, 'myth', 326, 1, 2.152),
(250, 'maroon', 326, 1, 2.152),
(251, '5', 326, 1, 1.851),
(252, 'video', 326, 1, 1.249),
(253, 'clip', 326, 1, 1.851),
(254, 'women', 327, 1, 1.249),
(255, 'empower', 327, 1, 2.152),
(256, 'seen', 327, 1, 0.661),
(257, 'novel', 327, 1, 1.249),
(258, 'survivor', 327, 1, 1.675),
(259, 'club', 327, 1, 1.851),
(260, 'american', 328, 1, 0.561),
(261, 'propaganda', 328, 1, 2.152),
(262, 'afghanistan', 328, 1, 1.851),
(263, 'war', 328, 1, 1.851),
(264, 'reflect', 328, 1, 0.596),
(265, 'lone', 328, 1, 1.851),
(266, 'survivor', 328, 1, 1.675),
(267, 'film', 328, 1, 0.675),
(268, 'feminist', 329, 1, 1.374),
(269, 'qualiti', 329, 1, 2.152),
(270, 'american', 329, 1, 0.561),
(271, 'vogu', 329, 1, 2.152),
(272, 'cover', 329, 1, 2.152),
(273, 'model', 329, 1, 2.152),
(274, 'express', 330, 1, 1.851),
(275, 'protest', 330, 1, 1.851),
(276, 'toward', 330, 1, 1.249),
(277, 'vietnam', 330, 1, 2.152),
(278, 'war', 330, 1, 1.851),
(279, 'seen', 330, 1, 0.661),
(280, 'marvin', 330, 1, 2.152),
(281, 'gay', 330, 1, 2.152),
(282, 'song', 330, 1, 0.948),
(283, 'lyric', 330, 1, 1.073),
(284, 'portray', 331, 1, 1.55),
(285, 'american', 331, 1, 0.561),
(286, 'investig', 331, 1, 2.152),
(287, 'journal', 331, 1, 2.152),
(288, 'seen', 331, 1, 0.661),
(289, 'film', 331, 1, 0.675),
(290, 'kill', 331, 1, 2.152),
(291, 'messeng', 331, 1, 2.152),
(292, 'highschool', 332, 1, 2.152),
(293, 'bulli', 332, 1, 1.851),
(294, 'reflect', 332, 1, 0.596),
(295, 'web', 332, 1, 2.152),
(296, 'seri', 332, 1, 2.152),
(297, 'movi', 332, 1, 1.453),
(298, '13', 332, 1, 2.152),
(299, 'reason', 332, 1, 2.152),
(300, 'potray', 333, 1, 2.152),
(301, 'american', 333, 1, 0.561),
(302, 'nation', 333, 1, 1.851),
(303, 'secur', 333, 1, 2.152),
(304, 'awar', 333, 1, 2.152),
(305, 'toward', 333, 1, 1.249),
(306, 'terror', 333, 1, 2.152),
(307, 'seen', 333, 1, 0.661),
(308, 'battlefield', 333, 1, 2.152),
(309, '3', 333, 1, 1.55),
(310, 'video', 333, 1, 1.249),
(311, 'game', 333, 1, 1.374),
(312, 'speech', 334, 1, 1.198),
(313, 'act', 334, 1, 1.55),
(314, 'seen', 334, 1, 0.661),
(315, 'webtoon', 334, 1, 2.152),
(316, 'hip', 334, 1, 1.851),
(317, 'hop', 334, 1, 1.851),
(318, 'monster', 334, 1, 1.851),
(319, 'pragmat', 334, 1, 1.307),
(320, 'studi', 334, 1, 0.81),
(321, 'worldview', 335, 1, 2.152),
(322, 'okki', 335, 1, 1.851),
(323, 'madasari', 335, 1, 1.851),
(324, 'outcast', 335, 1, 2.152),
(325, 'genet', 335, 1, 2.152),
(326, 'structur', 335, 1, 2.152),
(327, 'approach', 335, 1, 0.976),
(328, 'loui', 336, 1, 2.152),
(329, 'zamperini', 336, 1, 2.152),
(330, 'american', 336, 1, 0.561),
(331, 'dream', 336, 1, 1.675),
(332, 'reflect', 336, 1, 0.596),
(333, 'film', 336, 1, 0.675),
(334, 'unbroken', 336, 1, 2.152),
(335, 'violat', 337, 1, 1.851),
(336, 'justic', 337, 1, 2.152),
(337, 'american', 337, 1, 0.561),
(338, 'polic', 337, 1, 2.152),
(339, 'depart', 337, 1, 1.851),
(340, 'reflect', 337, 1, 0.596),
(341, 'film', 337, 1, 0.675),
(342, 'changel', 337, 1, 2.152),
(343, 'liber', 338, 1, 1.851),
(344, 'femin', 338, 1, 1.55),
(345, 'american', 338, 1, 0.561),
(346, 'polit', 338, 1, 1.307),
(347, 'system', 338, 1, 2.152),
(348, 'seen', 338, 1, 0.661),
(349, 'film', 338, 1, 0.675),
(350, 'miss', 338, 1, 2.152),
(351, 'sloan', 338, 1, 2.152),
(352, 'impact', 339, 1, 1.453),
(353, 'gun', 339, 1, 2.152),
(354, 'ownership', 339, 1, 2.152),
(355, 'legal', 339, 1, 2.152),
(356, 'american', 339, 1, 0.561),
(357, 'societi', 339, 1, 1.55),
(358, 'seen', 339, 1, 0.661),
(359, 'documentari', 339, 1, 1.307),
(360, 'film', 339, 1, 0.675),
(361, 'bowl', 339, 1, 2.152),
(362, 'columbin', 339, 1, 2.152),
(363, 'motiv', 340, 1, 1.851),
(364, 'main', 340, 1, 1.111),
(365, 'charact', 340, 1, 0.976),
(366, 'surviv', 340, 1, 1.851),
(367, 'reflect', 340, 1, 0.596),
(368, 'h', 340, 1, 1.851),
(369, 'de', 340, 1, 2.152),
(370, 'vere', 340, 1, 2.152),
(371, 'stacpool', 340, 1, 2.152),
(372, 'blue', 340, 1, 1.851),
(373, 'lagoon', 340, 1, 2.152),
(374, 'psycholog', 340, 1, 1.55),
(375, 'approach', 340, 1, 0.976),
(376, 'american', 341, 1, 0.561),
(377, 'lifestyl', 341, 1, 1.851),
(378, 'modern', 341, 1, 2.152),
(379, 'societi', 341, 1, 1.55),
(380, 'reflect', 341, 1, 0.596),
(381, 'film', 341, 1, 0.675),
(382, 'fast', 341, 1, 2.152),
(383, 'furiou', 341, 1, 2.152),
(384, '5', 341, 1, 1.851),
(385, 'conspiraci', 342, 1, 2.152),
(386, 'american', 342, 1, 0.561),
(387, 'polit', 342, 1, 1.307),
(388, 'seen', 342, 1, 0.661),
(389, 'film', 342, 1, 0.675),
(390, 'wag', 342, 1, 2.152),
(391, 'dog', 342, 1, 2.152),
(392, 'social', 343, 1, 1.307),
(393, 'condit', 343, 1, 1.851),
(394, 'tsar', 343, 1, 2.152),
(395, 'nichola', 343, 1, 1.851),
(396, 'ii', 343, 1, 2.152),
(397, 'era', 343, 1, 1.675),
(398, 'reflect', 343, 1, 0.596),
(399, 'maxim', 343, 1, 1.851),
(400, 'gorki', 343, 1, 2.152),
(401, 'life', 343, 1, 2.152),
(402, 'useless', 343, 1, 2.152),
(403, 'man', 343, 1, 1.851),
(404, 'portray', 344, 1, 1.55),
(405, 'injustic', 344, 1, 2.152),
(406, 'american', 344, 1, 0.561),
(407, 'prison', 344, 1, 2.152),
(408, 'reflect', 344, 1, 0.596),
(409, 'film', 344, 1, 0.675),
(410, 'shawshank', 344, 1, 2.152),
(411, 'redempt', 344, 1, 2.152),
(412, 'loyalti', 345, 1, 2.152),
(413, 'american', 345, 1, 0.561),
(414, 'citizen', 345, 1, 2.152),
(415, 'defend', 345, 1, 2.152),
(416, 'nation', 345, 1, 1.851),
(417, 'reflect', 345, 1, 0.596),
(418, 'film', 345, 1, 0.675),
(419, 'olympu', 345, 1, 2.152),
(420, 'fallen', 345, 1, 2.152),
(421, 'critic', 346, 1, 1.374),
(422, 'toward', 346, 1, 1.249),
(423, 'american', 346, 1, 0.561),
(424, 'superior', 346, 1, 2.152),
(425, 'documentari', 346, 1, 1.307),
(426, 'film', 346, 1, 0.675),
(427, 'invad', 346, 1, 2.152),
(428, 'next', 346, 1, 2.152),
(429, 'represent', 347, 1, 2.152),
(430, 'american', 347, 1, 0.561),
(431, 'hegemoni', 347, 1, 1.851),
(432, 'toward', 347, 1, 1.249),
(433, 'muslim', 347, 1, 1.851),
(434, 'peopl', 347, 1, 2.152),
(435, 'somalia', 347, 1, 2.152),
(436, 'seen', 347, 1, 0.661),
(437, 'film', 347, 1, 0.675),
(438, 'black', 347, 1, 1.55),
(439, 'hawk', 347, 1, 2.152),
(440, 'campaign', 348, 1, 1.55),
(441, 'strategi', 348, 1, 1.675),
(442, 'john', 348, 1, 1.453),
(443, 'mccain', 348, 1, 2.152),
(444, 'american', 348, 1, 0.561),
(445, 'presidenti', 348, 1, 1.249),
(446, 'elect', 348, 1, 1.374),
(447, '2008', 348, 1, 2.152),
(448, 'seen', 348, 1, 0.661),
(449, 'telefilm', 348, 1, 2.152),
(450, 'game', 348, 1, 1.374),
(451, 'chang', 348, 1, 2.152),
(452, 'post', 349, 1, 1.453),
(453, 'traumat', 349, 1, 2.152),
(454, 'stress', 349, 1, 2.152),
(455, 'disord', 349, 1, 1.851),
(456, 'main', 349, 1, 1.111),
(457, 'charact', 349, 1, 0.976),
(458, 'charli', 349, 1, 2.152),
(459, 'reflect', 349, 1, 0.596),
(460, 'stephen', 349, 1, 1.675),
(461, 'chboski', 349, 1, 2.152),
(462, 'perk', 349, 1, 2.152),
(463, 'wallflow', 349, 1, 2.152),
(464, 'psycholog', 349, 1, 1.55),
(465, 'aprroach', 349, 1, 1.851),
(466, 'american', 350, 1, 0.561),
(467, 'manipul', 350, 1, 1.851),
(468, 'leadership', 350, 1, 2.152),
(469, 'effect', 350, 1, 1.851),
(470, 'toward', 350, 1, 1.249),
(471, 'subordin', 350, 1, 2.152),
(472, 'portrai', 350, 1, 2.152),
(473, 'orson', 350, 1, 2.152),
(474, 'scott', 350, 1, 2.152),
(475, 'card', 350, 1, 2.152),
(476, 'novel', 350, 1, 1.249),
(477, 'ender', 350, 1, 2.152),
(478, 'game', 350, 1, 1.374),
(479, 'symbol', 351, 1, 1.307),
(480, 'american', 351, 1, 0.561),
(481, 'cultur', 351, 1, 1.851),
(482, 'valu', 351, 1, 1.453),
(483, 'film', 351, 1, 0.675),
(484, 'diverg', 351, 1, 2.152),
(485, 'sociolinguist', 352, 1, 1.038),
(486, 'studi', 352, 1, 0.81),
(487, 'code', 352, 1, 1.307),
(488, 'switch', 352, 1, 1.851),
(489, 'us', 352, 1, 0.69),
(490, 'third', 352, 1, 1.851),
(491, 'album', 352, 1, 1.374),
(492, 'highlight', 352, 1, 2.152),
(493, 'beast', 352, 1, 2.152),
(494, 'slang', 353, 1, 1.55),
(495, 'word', 353, 1, 1.55),
(496, 'us', 353, 1, 0.69),
(497, 'central', 353, 1, 2.152),
(498, 'intellig', 353, 1, 2.152),
(499, 'movi', 353, 1, 1.453),
(500, 'sociolinguist', 353, 1, 1.038),
(501, 'approach', 353, 1, 0.976),
(502, 'discours', 354, 1, 1.55),
(503, 'analysi', 354, 1, 0.675),
(504, 'shirlei', 354, 1, 1.851),
(505, 'jackson', 354, 1, 1.675),
(506, 'short', 354, 1, 1.307),
(507, 'stori', 354, 1, 1.307),
(508, 'charl', 354, 1, 1.675),
(509, 'impact', 355, 1, 1.453),
(510, 'american', 355, 2, 0.561),
(511, 'presidenti', 355, 2, 1.249),
(512, 'conflict', 355, 1, 1.453),
(513, 'elect', 355, 1, 1.374),
(514, 'reflect', 355, 1, 0.596),
(515, 'film', 355, 1, 0.675),
(516, 'presid', 355, 1, 2.152),
(517, 'us', 356, 1, 0.69),
(518, 'slang', 356, 1, 1.55),
(519, 'eminem', 356, 1, 2.152),
(520, 'song', 356, 1, 0.948),
(521, 'lyric', 356, 1, 1.073),
(522, 'sociolinguist', 356, 1, 1.038),
(523, 'studi', 356, 1, 0.81),
(524, 'semant', 357, 1, 1.249),
(525, 'studi', 357, 1, 0.81),
(526, 'lexic', 357, 1, 1.851),
(527, 'contextu', 357, 1, 1.675),
(528, 'mean', 357, 1, 1.249),
(529, 'avril', 357, 1, 2.152),
(530, 'lavign', 357, 1, 2.152),
(531, 'song', 357, 1, 0.948),
(532, 'lexic', 358, 1, 1.851),
(533, 'contextu', 358, 1, 1.675),
(534, 'mean', 358, 1, 1.249),
(535, 'english', 358, 1, 1.249),
(536, 'translat', 358, 1, 1.374),
(537, 'surah', 358, 1, 1.675),
(538, 'al', 358, 1, 1.851),
(539, 'fatihah', 358, 1, 2.152),
(540, 'semant', 358, 1, 1.249),
(541, 'studi', 358, 1, 0.81),
(542, 'metaphor', 359, 1, 2.152),
(543, 'mean', 359, 1, 1.249),
(544, 'us', 359, 1, 0.69),
(545, 'jason', 359, 1, 2.152),
(546, 'mraz', 359, 1, 2.152),
(547, 'song', 359, 1, 0.948),
(548, 'lyric', 359, 1, 1.073),
(549, 'semant', 359, 1, 1.249),
(550, 'studi', 359, 1, 0.81),
(551, 'struggl', 360, 1, 1.453),
(552, 'main', 360, 1, 1.111),
(553, 'charact', 360, 1, 0.976),
(554, 'rai', 360, 2, 2.152),
(555, 'charl', 360, 1, 1.675),
(556, 'robinson', 360, 1, 2.152),
(557, 'racism', 360, 1, 1.851),
(558, 'seen', 360, 1, 0.661),
(559, 'film', 360, 1, 0.675),
(560, 'polit', 361, 1, 1.307),
(561, 'principl', 361, 1, 2.152),
(562, 'us', 361, 1, 0.69),
(563, 'commun', 361, 1, 2.152),
(564, 'among', 361, 1, 2.152),
(565, 'student', 361, 1, 2.152),
(566, 'lectur', 361, 1, 2.152),
(567, 'english', 361, 1, 1.249),
(568, 'literatur', 361, 1, 2.152),
(569, 'depart', 361, 1, 1.851),
(570, 'universita', 361, 1, 2.152),
(571, 'ahmad', 361, 1, 1.851),
(572, 'dahlan', 361, 1, 2.152),
(573, 'pragmat', 361, 1, 1.307),
(574, 'analysi', 361, 1, 0.675),
(575, 'american', 362, 1, 0.561),
(576, 'lifestyl', 362, 1, 1.851),
(577, 'bruno', 362, 1, 2.152),
(578, 'mar', 362, 1, 2.152),
(579, 'song', 362, 1, 0.948),
(580, 'lyric', 362, 1, 1.073),
(581, 'reflect', 362, 1, 0.596),
(582, '24k', 362, 1, 2.152),
(583, 'magic', 362, 1, 2.152),
(584, 'album', 362, 1, 1.374),
(585, 'psychopat', 363, 1, 2.152),
(586, 'disord', 363, 1, 1.851),
(587, 'murder', 363, 2, 2.152),
(588, 'agatha', 363, 1, 2.152),
(589, 'christi', 363, 1, 2.152),
(590, 'abc', 363, 1, 2.152),
(591, 'trump', 364, 1, 1.374),
(592, 'conserv', 364, 1, 2.152),
(593, 'valu', 364, 1, 1.453),
(594, 'media', 364, 1, 1.851),
(595, 'win', 364, 1, 2.152),
(596, 'american', 364, 1, 0.561),
(597, 'presidenti', 364, 1, 1.249),
(598, 'elect', 364, 1, 1.374),
(599, '2016', 364, 1, 1.55),
(600, 'liber', 365, 1, 1.851),
(601, 'feminist', 365, 1, 1.374),
(602, 'valu', 365, 1, 1.453),
(603, 'reflect', 365, 1, 0.596),
(604, 'leo', 365, 1, 2.152),
(605, 'tolstoi', 365, 1, 2.152),
(606, 'anna', 365, 1, 2.152),
(607, 'karenina', 365, 1, 2.152),
(608, 'women', 366, 1, 1.249),
(609, 'resist', 366, 1, 1.851),
(610, 'charact', 366, 1, 0.976),
(611, 'elizabeth', 366, 1, 2.152),
(612, 'bennet', 366, 1, 2.152),
(613, 'pride', 366, 1, 1.851),
(614, 'prejudic', 366, 1, 1.851),
(615, 'hester', 366, 1, 2.152),
(616, 'prynn', 366, 1, 2.152),
(617, 'scarlet', 366, 1, 2.152),
(618, 'letter', 366, 1, 1.851),
(619, 'compar', 366, 1, 1.851),
(620, 'studi', 366, 1, 0.81),
(621, 'speech', 367, 1, 1.198),
(622, 'act', 367, 1, 1.55),
(623, 'us', 367, 1, 0.69),
(624, 'script', 367, 1, 1.675),
(625, 'first', 367, 1, 2.152),
(626, 'trump', 367, 1, 1.374),
(627, 'clinton', 367, 1, 2.152),
(628, 'presidenti', 367, 1, 1.249),
(629, 'debat', 367, 1, 1.851),
(630, 'pragmat', 367, 1, 1.307),
(631, 'approach', 367, 1, 0.976),
(632, 'love', 368, 2, 1.851),
(633, 'dimens', 368, 1, 2.152),
(634, 'mean', 368, 1, 1.249),
(635, 'jalaluddin', 368, 1, 2.152),
(636, 'rumi', 368, 1, 2.152),
(637, 'express', 368, 1, 1.851),
(638, 'approach', 368, 1, 0.976),
(639, 'social', 369, 1, 1.307),
(640, 'polit', 369, 1, 1.307),
(641, 'critic', 369, 1, 1.374),
(642, 'seen', 369, 1, 0.661),
(643, 'green', 369, 1, 2.152),
(644, 'dai', 369, 1, 1.851),
(645, 'song', 369, 1, 0.948),
(646, 'ltric', 369, 1, 2.152),
(647, 'music', 369, 1, 1.675),
(648, 'clip', 369, 1, 1.851),
(649, 'spirit', 370, 1, 1.851),
(650, 'femin', 370, 1, 1.55),
(651, 'reflect', 370, 1, 0.596),
(652, 'kati', 370, 1, 2.152),
(653, 'perri', 370, 1, 2.152),
(654, 'album', 370, 1, 1.374),
(655, 'prism', 370, 1, 2.152),
(656, 'contribut', 371, 1, 2.152),
(657, 'kenni', 371, 1, 2.152),
(658, 'leon', 371, 1, 2.152),
(659, 'american', 371, 1, 0.561),
(660, 'theater', 371, 1, 2.152),
(661, 'feminist', 372, 1, 1.374),
(662, 'symbol', 372, 1, 1.307),
(663, 'american', 372, 1, 0.561),
(664, 'super', 372, 1, 2.152),
(665, 'heroin', 372, 1, 2.152),
(666, 'seen', 372, 1, 0.661),
(667, 'movi', 372, 1, 1.453),
(668, 'poster', 372, 1, 2.152),
(669, 'indonesian', 373, 1, 1.55),
(670, 'english', 373, 1, 1.249),
(671, 'code', 373, 1, 1.307),
(672, 'mix', 373, 1, 1.374),
(673, 'us', 373, 1, 0.69),
(674, 'ask', 373, 1, 2.152),
(675, 'fm', 373, 1, 2.152),
(676, 'user', 373, 1, 2.152),
(677, 'answer', 373, 1, 2.152),
(678, 'page', 373, 1, 2.152),
(679, 'sociolinguist', 373, 1, 1.038),
(680, 'analysi', 373, 1, 0.675),
(681, 'women', 374, 1, 1.249),
(682, 'portray', 374, 1, 1.55),
(683, 'seen', 374, 1, 0.661),
(684, 'destini', 374, 1, 2.152),
(685, 'child', 374, 1, 2.152),
(686, 'song', 374, 1, 0.948),
(687, 'lyric', 374, 1, 1.073),
(688, 'post', 374, 1, 1.453),
(689, 'feminist', 374, 1, 1.374),
(690, 'approach', 374, 1, 0.976),
(691, 'swear', 375, 1, 2.152),
(692, 'word', 375, 1, 1.55),
(693, 'us', 375, 1, 0.69),
(694, 'grand', 375, 1, 2.152),
(695, 'theft', 375, 1, 2.152),
(696, 'auto', 375, 1, 2.152),
(697, 'v', 375, 1, 2.152),
(698, 'game', 375, 1, 1.374),
(699, 'sociolinguist', 375, 1, 1.038),
(700, 'approach', 375, 1, 0.976),
(701, 'code', 376, 1, 1.307),
(702, 'mix', 376, 1, 1.374),
(703, 'us', 376, 1, 0.69),
(704, 'music', 376, 1, 1.675),
(705, 'show', 376, 1, 2.152),
(706, 'school', 376, 1, 1.675),
(707, 'club', 376, 1, 1.851),
(708, 'arirang', 376, 1, 2.152),
(709, 'tv', 376, 1, 1.851),
(710, 'sociolinguist', 376, 1, 1.038),
(711, 'studi', 376, 1, 0.81),
(712, 'person', 377, 1, 1.453),
(713, 'kate', 377, 1, 1.851),
(714, 'p', 377, 1, 2.152),
(715, 'main', 377, 1, 1.111),
(716, 'charact', 377, 1, 0.976),
(717, 'emerald', 377, 1, 2.152),
(718, 'atla', 377, 1, 2.152),
(719, 'john', 377, 1, 1.453),
(720, 'stephen', 377, 1, 1.675),
(721, 'psychoanalysi', 377, 1, 1.851),
(722, 'studi', 377, 1, 0.81),
(723, 'role', 378, 1, 2.152),
(724, 'american', 378, 1, 0.561),
(725, 'polit', 378, 1, 1.307),
(726, 'satir', 378, 1, 2.152),
(727, 'seen', 378, 1, 0.661),
(728, 'anim', 378, 1, 2.152),
(729, 'video', 378, 1, 1.249),
(730, 'caricatur', 378, 1, 2.152),
(731, 'trump', 378, 1, 1.374),
(732, 'presidenti', 378, 1, 1.249),
(733, 'elect', 378, 1, 1.374),
(734, '2016', 378, 1, 1.55),
(735, 'beyonc', 379, 1, 2.152),
(736, 'protest', 379, 1, 1.851),
(737, 'song', 379, 1, 0.948),
(738, 'gender', 379, 1, 1.851),
(739, 'perspect', 379, 1, 2.152),
(740, 'media', 380, 1, 1.851),
(741, 'manipul', 380, 1, 1.851),
(742, 'american', 380, 1, 0.561),
(743, 'presidenti', 380, 1, 1.249),
(744, 'elect', 380, 1, 1.374),
(745, 'reflect', 380, 1, 0.596),
(746, 'documentari', 380, 1, 1.307),
(747, 'film', 380, 1, 0.675),
(748, 'spin', 380, 1, 2.152),
(749, '1995', 380, 1, 2.152),
(750, 'struggl', 381, 1, 1.453),
(751, 'rachel', 381, 1, 2.152),
(752, 'alien', 381, 1, 2.152),
(753, 'corri', 381, 1, 2.152),
(754, 'american', 381, 1, 0.561),
(755, 'palestinian', 381, 1, 2.152),
(756, 'peac', 381, 1, 2.152),
(757, 'activist', 381, 1, 2.152),
(758, 'zionist', 381, 1, 2.152),
(759, 'novel', 381, 1, 1.249),
(760, 'let', 381, 1, 1.851),
(761, 'stand', 381, 1, 2.152),
(762, 'alon', 381, 1, 2.152),
(763, 'gender', 382, 1, 1.851),
(764, 'issu', 382, 1, 2.152),
(765, 'seen', 382, 1, 0.661),
(766, '2016', 382, 1, 1.55),
(767, 'u', 382, 1, 2.152),
(768, 'presidenti', 382, 1, 1.249),
(769, 'elect', 382, 1, 1.374),
(770, 'speech', 382, 1, 1.198),
(771, 'debat', 382, 1, 1.851),
(772, 'script', 382, 1, 1.675),
(773, 'trump', 383, 3, 1.374),
(774, 'critic', 383, 1, 1.374),
(775, 'ironi', 383, 1, 2.152),
(776, 'american', 383, 1, 0.561),
(777, 'secular', 383, 1, 2.152),
(778, 'reflect', 383, 1, 0.596),
(779, 'donald', 383, 1, 1.851),
(780, 'documentari', 383, 1, 1.307),
(781, 'campaign', 383, 1, 1.55),
(782, 'video', 383, 1, 1.249),
(783, 'separ', 383, 1, 2.152),
(784, 'church', 383, 1, 2.152),
(785, 'state', 383, 1, 2.152),
(786, 'morpholog', 384, 1, 1.675),
(787, 'analysi', 384, 1, 0.675),
(788, 'deriv', 384, 1, 2.152),
(789, 'suffix', 384, 1, 2.152),
(790, 'cressida', 384, 1, 2.152),
(791, 'cowel', 384, 1, 2.152),
(792, 'train', 384, 1, 2.152),
(793, 'dragon', 384, 1, 2.152),
(794, 'syntact', 385, 1, 1.55),
(795, 'analysi', 385, 1, 0.675),
(796, 'noun', 385, 1, 1.675),
(797, 'phrase', 385, 1, 1.851),
(798, 'us', 385, 1, 0.69),
(799, 'speech', 385, 1, 1.198),
(800, 'three', 385, 1, 1.851),
(801, 'countri', 385, 1, 2.152),
(802, 'leader', 385, 1, 2.152),
(803, 'psychosoci', 386, 1, 2.152),
(804, 'develop', 386, 1, 1.851),
(805, 'main', 386, 1, 1.111),
(806, 'charact', 386, 1, 0.976),
(807, 'natsum', 386, 1, 2.152),
(808, 'soseki', 386, 1, 2.152),
(809, 'botchan', 386, 1, 2.152),
(810, 'struggl', 387, 1, 1.453),
(811, 'women', 387, 1, 1.249),
(812, 'second', 387, 1, 2.152),
(813, 'sex', 387, 1, 2.152),
(814, 'paulo', 387, 1, 1.675),
(815, 'ceolho', 387, 1, 2.152),
(816, 'eleven', 387, 1, 1.851),
(817, 'minut', 387, 1, 2.152),
(818, 'ramayda', 387, 1, 2.152),
(819, 'akmal', 387, 1, 2.152),
(820, 'jatisaba', 387, 1, 2.152),
(821, 'compar', 387, 1, 1.851),
(822, 'studi', 387, 1, 0.81),
(823, 'person', 388, 1, 1.453),
(824, 'main', 388, 1, 1.111),
(825, 'charact', 388, 1, 0.976),
(826, 'edgar', 388, 1, 2.152),
(827, 'allan', 388, 1, 2.152),
(828, 'poe', 388, 1, 2.152),
(829, 'short', 388, 1, 1.307),
(830, 'stori', 388, 1, 1.307),
(831, 'black', 388, 1, 1.55),
(832, 'cat', 388, 1, 2.152),
(833, 'tell', 388, 1, 2.152),
(834, 'tale', 388, 1, 2.152),
(835, 'heart', 388, 1, 2.152),
(836, 'implicatur', 389, 1, 1.851),
(837, 'us', 389, 1, 0.69),
(838, 'meme', 389, 1, 1.851),
(839, '9gag', 389, 1, 2.152),
(840, 'com', 389, 1, 1.851),
(841, 'instagram', 389, 1, 2.152),
(842, 'account', 389, 1, 2.152),
(843, 'pragmat', 389, 1, 1.307),
(844, 'analysi', 389, 1, 0.675),
(845, 'feminist', 390, 1, 1.374),
(846, 'valu', 390, 1, 1.453),
(847, 'reflect', 390, 1, 0.596),
(848, 'michel', 390, 1, 2.152),
(849, 'obama', 390, 1, 2.152),
(850, 'documentari', 390, 1, 1.307),
(851, 'speech', 390, 1, 1.198),
(852, 'women', 391, 2, 1.249),
(853, 'imag', 391, 1, 2.152),
(854, 'seen', 391, 1, 0.661),
(855, 'advertis', 391, 1, 1.453),
(856, 'harper', 391, 1, 2.152),
(857, 'bazaar', 391, 1, 2.152),
(858, 'american', 391, 1, 0.561),
(859, 'magazin', 391, 1, 1.851),
(860, 'semiot', 392, 1, 1.374),
(861, 'analysi', 392, 1, 0.675),
(862, 'let', 392, 1, 1.851),
(863, 'album', 392, 1, 1.374),
(864, 'written', 392, 1, 2.152),
(865, 'beatl', 392, 1, 2.152),
(866, 'base', 392, 1, 2.152),
(867, 'c', 392, 1, 2.152),
(868, 'peirc', 392, 1, 2.152),
(869, 'theori', 392, 1, 1.851),
(870, 'code', 393, 1, 1.307),
(871, 'mix', 393, 1, 1.374),
(872, 'us', 393, 1, 0.69),
(873, 'suhai', 393, 1, 2.152),
(874, 'salim', 393, 1, 2.152),
(875, 'vlog', 393, 1, 2.152),
(876, 'sociolinguist', 393, 1, 1.038),
(877, 'studi', 393, 1, 0.81),
(878, 'translat', 394, 2, 1.374),
(879, 'error', 394, 1, 2.152),
(880, 'english', 394, 1, 1.249),
(881, 'indonesian', 394, 1, 1.55),
(882, 'soman', 394, 1, 2.152),
(883, 'chainani', 394, 1, 2.152),
(884, 'school', 394, 1, 1.675),
(885, 'good', 394, 1, 2.152),
(886, 'evil', 394, 1, 2.152),
(887, 'kartika', 394, 1, 2.152),
(888, 'sofyan', 394, 1, 2.152),
(889, 'sekolah', 394, 1, 2.152),
(890, 'kebaikan', 394, 1, 2.152),
(891, 'dan', 394, 1, 1.851),
(892, 'kejahatan', 394, 1, 2.152),
(893, 'morpholog', 395, 1, 1.675),
(894, 'analysi', 395, 1, 0.675),
(895, 'english', 395, 1, 1.249),
(896, 'affix', 395, 1, 2.152),
(897, 'busi', 395, 1, 2.152),
(898, 'column', 395, 1, 1.675),
(899, 'cnn', 395, 1, 2.152),
(900, 'new', 395, 1, 1.851),
(901, 'freudian', 396, 1, 2.152),
(902, 'studi', 396, 1, 0.81),
(903, 'humber', 396, 1, 2.152),
(904, 'sexual', 396, 1, 2.152),
(905, 'disorient', 396, 1, 2.152),
(906, 'vladimir', 396, 1, 2.152),
(907, 'nabokov', 396, 1, 2.152),
(908, 'lolita', 396, 1, 2.152),
(909, 'syntact', 397, 1, 1.55),
(910, 'analysi', 397, 1, 0.675),
(911, 'sentenc', 397, 1, 2.152),
(912, 'type', 397, 1, 2.152),
(913, 'pattern', 397, 1, 2.152),
(914, 'us', 397, 1, 0.69),
(915, 'pop', 397, 1, 2.152),
(916, 'star', 397, 1, 2.152),
(917, 'new', 397, 1, 1.851),
(918, ' hello', 397, 1, 2.152),
(919, 'english', 397, 1, 1.249),
(920, 'magazin', 397, 1, 1.851),
(921, 'femini', 398, 1, 2.152),
(922, 'utopian', 398, 1, 2.152),
(923, 'seen', 398, 1, 0.661),
(924, 'advertis', 398, 1, 1.453),
(925, 'american', 398, 1, 0.561),
(926, 'beauti', 398, 1, 1.675),
(927, 'product', 398, 1, 1.851),
(928, 'symbol', 399, 1, 1.307),
(929, 'us', 399, 1, 0.69),
(930, 'john', 399, 1, 1.453),
(931, 'steinbeck', 399, 1, 1.675),
(932, 'chrysanthemum', 399, 1, 2.152),
(933, 'semiot', 399, 1, 1.374),
(934, 'approach', 399, 1, 0.976),
(935, 'portray', 400, 1, 1.55),
(936, 'american', 400, 1, 0.561),
(937, 'societi', 400, 1, 1.55),
(938, 'great', 400, 1, 2.152),
(939, 'depress', 400, 1, 2.152),
(940, '1930', 400, 1, 2.152),
(941, 'reflect', 400, 1, 0.596),
(942, 'john', 400, 1, 1.453),
(943, 'steinbeck', 400, 1, 1.675),
(944, 'grape', 400, 1, 1.851),
(945, 'wrath', 400, 1, 1.851),
(946, 'translat', 401, 1, 1.374),
(947, 'analysi', 401, 1, 0.675),
(948, 'indonesian', 401, 1, 1.55),
(949, 'english', 401, 1, 1.249),
(950, 'version', 401, 1, 2.152),
(951, 'ahmad', 401, 1, 1.851),
(952, 'tohari', 401, 1, 2.152),
(953, 'short', 401, 1, 1.307),
(954, 'stori', 401, 1, 1.307),
(955, 'antholog', 401, 1, 2.152),
(956, 'entitl', 401, 1, 1.851),
(957, 'senyum', 401, 1, 2.152),
(958, 'karyamin', 401, 2, 2.152),
(959, 'smile', 401, 1, 2.152),
(960, 'speech', 402, 1, 1.198),
(961, 'act', 402, 1, 1.55),
(962, 'seen', 402, 1, 0.661),
(963, 'film', 402, 1, 0.675),
(964, 'script', 402, 1, 1.675),
(965, 'toi', 402, 1, 2.152),
(966, 'stori', 402, 1, 1.307),
(967, '3', 402, 1, 1.55),
(968, 'pragmat', 402, 1, 1.307),
(969, 'approach', 402, 1, 0.976),
(970, 'contextu', 403, 1, 1.675),
(971, 'mean', 403, 1, 1.249),
(972, 'contain', 403, 1, 2.152),
(973, '#newyear', 403, 1, 2.152),
(974, 'post', 403, 1, 1.453),
(975, 'twitter', 403, 1, 2.152),
(976, 'semant', 403, 1, 1.249),
(977, 'analysi', 403, 1, 0.675),
(978, 'denot', 404, 1, 1.675),
(979, 'connot', 404, 1, 1.675),
(980, 'mean', 404, 1, 1.249),
(981, 'us', 404, 1, 0.69),
(982, 'maher', 404, 1, 2.152),
(983, 'zein', 404, 1, 2.152),
(984, 'song', 404, 1, 0.948),
(985, 'lyric', 404, 1, 1.073),
(986, 'semant', 404, 1, 1.249),
(987, 'studi', 404, 1, 0.81),
(988, 'morpholog', 405, 1, 1.675),
(989, 'analysi', 405, 1, 0.675),
(990, 'word', 405, 1, 1.55),
(991, 'format', 405, 1, 1.851),
(992, 'process', 405, 1, 2.152),
(993, 'found', 405, 1, 1.55),
(994, 'featur', 405, 1, 1.851),
(995, 'column', 405, 1, 1.675),
(996, 'jakarta', 405, 1, 2.152),
(997, 'post', 405, 1, 1.453),
(998, 'figur', 406, 1, 1.675),
(999, 'speech', 406, 1, 1.198),
(1000, 'us', 406, 1, 0.69),
(1001, 'billboard', 406, 1, 2.152),
(1002, 'top', 406, 1, 2.152),
(1003, '3', 406, 1, 1.55),
(1004, 'song', 406, 1, 0.948),
(1005, 'lyric', 406, 1, 1.073),
(1006, '2017', 406, 1, 2.152),
(1007, 'stylist', 406, 1, 1.453),
(1008, 'analysi', 406, 1, 0.675),
(1009, 'symbol', 407, 1, 1.307),
(1010, 'seen', 407, 1, 0.661),
(1011, 'charact', 407, 1, 0.976),
(1012, 'film', 407, 1, 0.675),
(1013, 'angri', 407, 1, 2.152),
(1014, 'bird', 407, 1, 2.152),
(1015, 'semiot', 407, 1, 1.374),
(1016, 'analysi', 407, 1, 0.675),
(1017, 'woman', 408, 1, 2.152),
(1018, 'exist', 408, 1, 2.152),
(1019, 'mitch', 408, 1, 2.152),
(1020, 'albom', 408, 1, 2.152),
(1021, 'on', 408, 1, 2.152),
(1022, 'dai', 408, 1, 1.851),
(1023, 'femin', 408, 1, 1.55),
(1024, 'studi', 408, 1, 0.81),
(1025, 'verbal', 409, 2, 1.851),
(1026, 'non', 409, 1, 1.851),
(1027, 'symbol', 409, 1, 1.307),
(1028, 'found', 409, 1, 1.55),
(1029, 'racial', 409, 1, 2.152),
(1030, 'advertis', 409, 1, 1.453),
(1031, 'semiot', 409, 1, 1.374),
(1032, 'analysi', 409, 1, 0.675),
(1033, 'healthi', 410, 1, 2.152),
(1034, 'food', 410, 1, 2.152),
(1035, 'style', 410, 1, 2.152),
(1036, 'campaign', 410, 1, 1.55),
(1037, 'seen', 410, 1, 0.661),
(1038, 'youtub', 410, 1, 1.851),
(1039, 'channel', 410, 1, 2.152),
(1040, 'healthnut', 410, 1, 2.152),
(1041, 'nutrit', 410, 1, 2.152),
(1042, 'stylist', 411, 1, 1.453),
(1043, 'analysi', 411, 1, 0.675),
(1044, 'select', 411, 1, 2.152),
(1045, 'short', 411, 1, 1.307),
(1046, 'stori', 411, 1, 1.307),
(1047, 'children', 411, 1, 1.675),
(1048, 'han', 411, 1, 2.152),
(1049, 'christian', 411, 1, 2.152),
(1050, 'andersen', 411, 1, 2.152),
(1051, 'microstructur', 412, 1, 2.152),
(1052, 'macrostructur', 412, 1, 2.152),
(1053, 'anaysi', 412, 1, 2.152),
(1054, 'us', 412, 1, 0.69),
(1055, 'translat', 412, 1, 1.374),
(1056, 'text', 412, 1, 1.851),
(1057, 'surah', 412, 1, 1.675),
(1058, 'al', 412, 1, 1.851),
(1059, 'hajj', 412, 1, 2.152),
(1060, 'discours', 412, 1, 1.55),
(1061, 'analysi', 412, 1, 0.675),
(1062, 'code', 413, 1, 1.307),
(1063, 'mix', 413, 1, 1.374),
(1064, 'analysi', 413, 1, 0.675),
(1065, 'us', 413, 1, 0.69),
(1066, 'indonesian', 413, 1, 1.55),
(1067, 'vlogger', 413, 1, 2.152),
(1068, 'sociolinguist', 413, 1, 1.038),
(1069, 'approach', 413, 1, 0.976),
(1070, 'semant', 414, 1, 1.249),
(1071, 'studi', 414, 1, 0.81),
(1072, 'denot', 414, 1, 1.675),
(1073, 'connot', 414, 1, 1.675),
(1074, 'mean', 414, 1, 1.249),
(1075, 'us', 414, 1, 0.69),
(1076, 'advertis', 414, 1, 1.453),
(1077, 'shampoo', 414, 1, 2.152),
(1078, 'product', 414, 1, 1.851),
(1079, 'us', 415, 1, 0.69),
(1080, 'slang', 415, 1, 1.55),
(1081, 'rush', 415, 1, 2.152),
(1082, 'hour', 415, 1, 2.152),
(1083, '3', 415, 1, 1.55),
(1084, 'movi', 415, 1, 1.453),
(1085, 'sociolinguist', 415, 1, 1.038),
(1086, 'studi', 415, 1, 0.81),
(1087, 'colloc', 416, 1, 2.152),
(1088, 'translat', 416, 1, 1.374),
(1089, 'us', 416, 1, 0.69),
(1090, 'paulo', 416, 1, 1.675),
(1091, 'coelho', 416, 1, 1.851),
(1092, 'spy', 416, 1, 2.152),
(1093, 'semant', 416, 1, 1.249),
(1094, 'approach', 416, 1, 0.976),
(1095, 'figur', 417, 1, 1.675),
(1096, 'languag', 417, 1, 1.374),
(1097, 'us', 417, 1, 0.69),
(1098, 'english', 417, 1, 1.249),
(1099, 'translat', 417, 1, 1.374),
(1100, 'text', 417, 1, 1.851),
(1101, 'surah', 417, 1, 1.675),
(1102, 'ar', 417, 1, 2.152),
(1103, 'rahmÃn', 417, 1, 2.152),
(1104, 'stylist', 417, 1, 1.453),
(1105, 'analysi', 417, 1, 0.675),
(1106, 'michael', 418, 1, 2.152),
(1107, 'jackson', 418, 1, 1.675),
(1108, 'struggl', 418, 1, 1.453),
(1109, 'pursu', 418, 1, 2.152),
(1110, 'american', 418, 1, 0.561),
(1111, 'dream', 418, 1, 1.675),
(1112, 'reflect', 418, 1, 0.596),
(1113, 'song', 418, 1, 0.948),
(1114, 'documentari', 418, 1, 1.307),
(1115, 'film', 418, 1, 0.675),
(1116, 'code', 419, 1, 1.307),
(1117, 'switch', 419, 1, 1.851),
(1118, 'mix', 419, 1, 1.374),
(1119, 'us', 419, 1, 0.69),
(1120, 'music', 419, 1, 1.675),
(1121, 'program', 419, 1, 2.152),
(1122, 'breakout', 419, 1, 2.152),
(1123, 'net', 419, 1, 2.152),
(1124, 'tv', 419, 1, 1.851),
(1125, 'sociolinguist', 419, 1, 1.038),
(1126, 'studi', 419, 1, 0.81),
(1127, 'syntact', 420, 1, 1.55),
(1128, 'analysi', 420, 1, 0.675),
(1129, 'noun', 420, 1, 1.675),
(1130, 'phrase', 420, 1, 1.851),
(1131, 'charl', 420, 1, 1.675),
(1132, 'dicken', 420, 1, 2.152),
(1133, 'signal', 420, 1, 2.152),
(1134, 'man', 420, 1, 1.851),
(1135, 'hip', 421, 1, 1.851),
(1136, 'hop', 421, 1, 1.851),
(1137, 'slang', 421, 1, 1.55),
(1138, 'us', 421, 1, 0.69),
(1139, 'wiz', 421, 1, 2.152),
(1140, 'khalifa', 421, 1, 2.152),
(1141, 'song', 421, 1, 0.948),
(1142, 'lyric', 421, 1, 1.073),
(1143, 'sociolinguist', 421, 1, 1.038),
(1144, 'studi', 421, 1, 0.81),
(1145, 'blue', 422, 1, 1.851),
(1146, 'slaveri', 422, 1, 2.152),
(1147, 'experi', 422, 1, 1.851),
(1148, 'seen', 422, 1, 0.661),
(1149, 'song', 422, 1, 0.948),
(1150, 'lyric', 422, 1, 1.073),
(1151, 'three', 422, 1, 1.851),
(1152, 'black', 422, 1, 1.55),
(1153, 'singer', 422, 1, 1.851),
(1154, 'america', 422, 1, 1.851),
(1155, 'racism', 423, 1, 1.851),
(1156, 'repres', 423, 1, 2.152),
(1157, 'donald', 423, 1, 1.851),
(1158, 'trump', 423, 1, 1.374),
(1159, 'polit', 423, 1, 1.307),
(1160, 'speech', 423, 1, 1.198),
(1161, 'critic', 423, 1, 1.374),
(1162, 'discours', 423, 1, 1.55),
(1163, 'analysi', 423, 1, 0.675),
(1164, 'figur', 424, 1, 1.675),
(1165, 'languag', 424, 1, 1.374),
(1166, 'us', 424, 1, 0.69),
(1167, 'kate', 424, 1, 1.851),
(1168, 'chopin', 424, 1, 2.152),
(1169, 'short', 424, 1, 1.307),
(1170, 'stori', 424, 1, 1.307),
(1171, 'stylist', 424, 1, 1.453),
(1172, 'analysi', 424, 1, 0.675),
(1173, 'social', 425, 1, 1.307),
(1174, 'conflict', 425, 1, 1.453),
(1175, 'reflect', 425, 1, 0.596),
(1176, 'stephen', 425, 1, 1.675),
(1177, 'crane', 425, 1, 2.152),
(1178, 'red', 425, 1, 1.851),
(1179, 'badg', 425, 1, 2.152),
(1180, 'courag', 425, 1, 2.152),
(1181, 'middl', 426, 1, 2.152),
(1182, 'class', 426, 1, 1.675),
(1183, 'societi', 426, 1, 1.55),
(1184, 'victorian', 426, 1, 1.851),
(1185, 'era', 426, 1, 1.675),
(1186, 'reflect', 426, 1, 0.596),
(1187, 'pride', 426, 1, 1.851),
(1188, 'prejudic', 426, 1, 1.851),
(1189, 'sociolog', 426, 1, 2.152),
(1190, 'approach', 426, 1, 0.976),
(1191, 'symbol', 427, 1, 1.307),
(1192, 'found', 427, 1, 1.55),
(1193, 'dan', 427, 1, 1.851),
(1194, 'brown', 427, 1, 2.152),
(1195, 'angel', 427, 1, 2.152),
(1196, 'demon', 427, 1, 2.152),
(1197, 'semiot', 427, 1, 1.374),
(1198, 'approach', 427, 1, 0.976),
(1199, 'charact', 428, 1, 0.976),
(1200, 'develop', 428, 1, 1.851),
(1201, 'holli', 428, 2, 2.152),
(1202, 'wood', 428, 2, 2.152),
(1203, 'novel', 428, 1, 1.249),
(1204, 'pictur', 428, 1, 2.152),
(1205, 'discrimin', 429, 1, 2.152),
(1206, 'american', 429, 1, 0.561),
(1207, 'white', 429, 1, 2.152),
(1208, 'rapper', 429, 1, 2.152),
(1209, 'reflect', 429, 1, 0.596),
(1210, 'curti', 429, 1, 2.152),
(1211, 'hanson', 429, 1, 2.152),
(1212, 'film', 429, 1, 0.675),
(1213, '8', 429, 1, 2.152),
(1214, 'mile', 429, 1, 2.152),
(1215, 'code', 430, 1, 1.307),
(1216, 'mix', 430, 1, 1.374),
(1217, 'us', 430, 1, 0.69),
(1218, 'ika', 430, 1, 2.152),
(1219, 'natassa', 430, 1, 2.152),
(1220, 'novel', 430, 1, 1.249),
(1221, 'critic', 430, 1, 1.374),
(1222, 'eleven', 430, 1, 1.851),
(1223, 'sociolinguist', 430, 1, 1.038),
(1224, 'studi', 430, 1, 0.81),
(1225, 'surviv', 431, 1, 1.851),
(1226, 'strategi', 431, 1, 1.675),
(1227, 'main', 431, 1, 1.111),
(1228, 'charact', 431, 1, 0.976),
(1229, 'reflect', 431, 1, 0.596),
(1230, 'knut', 431, 1, 2.152),
(1231, 'hamsun', 431, 1, 2.152),
(1232, 'hunger', 431, 1, 2.152),
(1233, 'psycholog', 431, 1, 1.55),
(1234, 'approach', 431, 1, 0.976),
(1235, 'resist', 432, 1, 1.851),
(1236, 'third', 432, 1, 1.851),
(1237, 'world', 432, 1, 2.152),
(1238, 'women', 432, 1, 1.249),
(1239, 'arundhati', 432, 1, 2.152),
(1240, 'roi', 432, 1, 2.152),
(1241, 'god', 432, 1, 2.152),
(1242, 'small', 432, 1, 2.152),
(1243, 'thing', 432, 1, 2.152),
(1244, 'postcoloni', 432, 1, 2.152),
(1245, 'femin', 432, 1, 1.55),
(1246, 'person', 433, 1, 1.453),
(1247, 'krystal', 433, 1, 2.152),
(1248, 'weedon', 433, 1, 2.152),
(1249, 'j', 433, 1, 2.152),
(1250, 'k', 433, 1, 2.152),
(1251, 'rowl', 433, 1, 2.152),
(1252, 'casual', 433, 1, 2.152),
(1253, 'vacanc', 433, 1, 2.152),
(1254, 'psychoanalysi', 433, 1, 1.851),
(1255, 'studi', 433, 1, 0.81),
(1256, 'horror', 434, 1, 2.152),
(1257, 'effect', 434, 1, 1.851),
(1258, 'depict', 434, 1, 1.851),
(1259, 'perlocutionari', 434, 1, 2.152),
(1260, 'act', 434, 1, 1.55),
(1261, 'shirlei', 434, 1, 1.851),
(1262, 'jackson', 434, 1, 1.675),
(1263, 'lotteri', 434, 1, 2.152),
(1264, 'ladi', 435, 1, 2.152),
(1265, 'gaga', 435, 1, 2.152),
(1266, 'experi', 435, 1, 1.851),
(1267, 'five', 435, 1, 2.152),
(1268, 'song', 435, 1, 0.948),
(1269, 'lyric', 435, 1, 1.073),
(1270, 'seen', 435, 1, 0.661),
(1271, 'album', 435, 1, 1.374),
(1272, 'fame', 435, 1, 2.152),
(1273, 'monster', 435, 1, 1.851),
(1274, 'pragmat', 436, 1, 1.307),
(1275, 'analysi', 436, 1, 0.675),
(1276, 'polit', 436, 1, 1.307),
(1277, 'strategi', 436, 1, 1.675),
(1278, 'us', 436, 1, 0.69),
(1279, 'main', 436, 1, 1.111),
(1280, 'charact', 436, 1, 0.976),
(1281, 'movi', 436, 1, 1.453),
(1282, 'languag', 437, 1, 1.374),
(1283, 'deviat', 437, 1, 2.152),
(1284, 'us', 437, 1, 0.69),
(1285, 'john', 437, 1, 1.453),
(1286, 'steinbeck', 437, 1, 1.675),
(1287, 'grape', 437, 1, 1.851),
(1288, 'wrath', 437, 1, 1.851),
(1289, 'stylist', 437, 1, 1.453),
(1290, 'analysi', 437, 1, 0.675),
(1291, 'human', 438, 1, 1.851),
(1292, 'seen', 438, 1, 0.661),
(1293, 'main', 438, 1, 1.111),
(1294, 'charact', 438, 1, 0.976),
(1295, 'sister', 438, 1, 2.152),
(1296, 'keeper', 438, 1, 2.152),
(1297, 'novel', 438, 1, 1.249),
(1298, 'object', 438, 1, 1.851),
(1299, 'theori', 438, 1, 1.851),
(1300, 'crimin', 439, 1, 2.152),
(1301, 'reflect', 439, 1, 0.596),
(1302, 'american', 439, 1, 0.561),
(1303, 'video', 439, 1, 1.249),
(1304, 'game', 439, 1, 1.374),
(1305, 'languag', 440, 1, 1.374),
(1306, 'disturb', 440, 1, 2.152),
(1307, 'aphasia', 440, 1, 2.152),
(1308, 'seen', 440, 1, 0.661),
(1309, 'youtub', 440, 1, 1.851),
(1310, 'video', 440, 1, 1.249),
(1311, 'dad', 440, 1, 2.152),
(1312, 'late', 440, 1, 2.152),
(1313, 'stage', 440, 1, 2.152),
(1314, 'alzheim', 440, 1, 2.152),
(1315, 'psycholinguist', 440, 1, 2.152),
(1316, 'studi', 440, 1, 0.81),
(1317, 'sociolinguist', 441, 1, 1.038),
(1318, 'analysi', 441, 1, 0.675),
(1319, 'women', 441, 1, 1.249),
(1320, 'languag', 441, 1, 1.374),
(1321, 'featur', 441, 1, 1.851),
(1322, 'richard', 441, 1, 2.152),
(1323, 'nixon', 441, 1, 2.152),
(1324, 'love', 441, 1, 1.851),
(1325, 'letter', 441, 1, 1.851),
(1326, 'conflict', 442, 1, 1.453),
(1327, 'main', 442, 1, 1.111),
(1328, 'charact', 442, 1, 0.976),
(1329, 'reflect', 442, 1, 0.596),
(1330, 'paulo', 442, 1, 1.675),
(1331, 'coelho', 442, 1, 1.851),
(1332, 'veronika', 442, 1, 2.152),
(1333, 'decid', 442, 1, 2.152),
(1334, 'die', 442, 1, 2.152),
(1335, 'object', 442, 1, 1.851),
(1336, 'studi', 442, 1, 0.81);

-- --------------------------------------------------------

--
-- Table structure for table `sc_vector`
--

CREATE TABLE `sc_vector` (
  `docid` int(11) NOT NULL,
  `yvector` double NOT NULL
) ENGINE=InnoDB DEFAULT CHARSET=latin1;

--
-- Dumping data for table `sc_vector`
--

INSERT INTO `sc_vector` (`docid`, `yvector`) VALUES
(301, 5.816),
(302, 5.587),
(303, 6.329),
(304, 6.191),
(305, 4.804),
(306, 3.415),
(307, 4.991),
(308, 6.428),
(309, 5.936),
(310, 5.78),
(311, 8.284),
(312, 5.687),
(313, 5.646),
(314, 5.078),
(315, 6.063),
(316, 7.313),
(317, 4.463),
(318, 4.599),
(319, 6.588),
(320, 4.67),
(321, 5.043),
(322, 5.867),
(323, 4.497),
(324, 5.446),
(325, 6.644),
(326, 4.695),
(327, 3.797),
(328, 4.341),
(329, 4.553),
(330, 5.312),
(331, 4.705),
(332, 5.39),
(333, 5.894),
(334, 4.642),
(335, 5.131),
(336, 4.222),
(337, 4.677),
(338, 4.758),
(339, 5.53),
(340, 6.175),
(341, 4.927),
(342, 4.1),
(343, 6.46),
(344, 4.696),
(345, 5.264),
(346, 4.452),
(347, 5.527),
(348, 5.651),
(349, 6.671),
(350, 6.678),
(351, 3.556),
(352, 4.682),
(353, 4.323),
(354, 3.913),
(355, 4.365),
(356, 3.361),
(357, 4.491),
(358, 4.931),
(359, 4.494),
(360, 5.88),
(361, 7.058),
(362, 5.153),
(363, 6.362),
(364, 4.78),
(365, 5.129),
(366, 6.592),
(367, 5.091),
(368, 5.791),
(369, 5.056),
(370, 4.687),
(371, 4.34),
(372, 4.511),
(373, 5.72),
(374, 4.546),
(375, 5.473),
(376, 5.247),
(377, 5.533),
(378, 5.503),
(379, 4.125),
(380, 4.732),
(381, 7.007),
(382, 5.162),
(383, 7.197),
(384, 5.572),
(385, 4.867),
(386, 4.913),
(387, 6.812),
(388, 6.522),
(389, 5.178),
(390, 4.094),
(391, 5.14),
(392, 5.851),
(393, 4.438),
(394, 8.004),
(395, 4.995),
(396, 5.751),
(397, 6.288),
(398, 4.284),
(399, 3.817),
(400, 5.58),
(401, 7.632),
(402, 4.352),
(403, 4.731),
(404, 4.602),
(405, 5.394),
(406, 5.063),
(407, 3.893),
(408, 5.444),
(409, 5.507),
(410, 5.835),
(411, 5.226),
(412, 5.78),
(413, 3.687),
(414, 4.476),
(415, 4.288),
(416, 4.513),
(417, 5.165),
(418, 4.552),
(419, 5.418),
(420, 4.958),
(421, 4.773),
(422, 5.163),
(423, 4.611),
(424, 4.383),
(425, 4.929),
(426, 5.372),
(427, 4.927),
(428, 6.901),
(429, 5.792),
(430, 4.684),
(431, 5.101),
(432, 6.575),
(433, 6.214),
(434, 5.42),
(435, 5.455),
(436, 3.384),
(437, 4.619),
(438, 4.871),
(439, 2.958),
(440, 6.355),
(441, 4.952),
(442, 5.372);

-- --------------------------------------------------------

--
-- Table structure for table `tfidf_c`
--

CREATE TABLE `tfidf_c` (
  `id` int(10) NOT NULL,
  `term` varchar(50) NOT NULL,
  `docid` int(11) NOT NULL,
  `jumlah` int(3) NOT NULL,
  `idf` double NOT NULL
) ENGINE=InnoDB DEFAULT CHARSET=utf8;

--
-- Dumping data for table `tfidf_c`
--

INSERT INTO `tfidf_c` (`id`, `term`, `docid`, `jumlah`, `idf`) VALUES
(3, 'bernstein', 301, 1, 2.152),
(4, 'american', 301, 1, 0.561),
(5, 'dream', 301, 1, 1.675),
(6, 'success', 301, 1, 2.152),
(7, 'reflect', 301, 1, 0.596),
(8, 'film', 301, 1, 0.675),
(9, 'million', 301, 1, 2.152),
(11, 'arm', 301, 1, 2.152),
(12, 'power', 302, 1, 2.152),
(13, 'american', 302, 1, 0.561),
(14, 'hegemoni', 302, 1, 1.851),
(15, 'seen', 302, 1, 0.661),
(16, 'scienc', 302, 1, 2.152),
(17, 'fiction', 302, 1, 2.152),
(18, 'film', 302, 1, 0.675),
(19, 'transform', 302, 1, 1.851),
(20, 'dark', 302, 1, 2.152),
(21, 'moon', 302, 1, 2.152),
(22, 'javanes', 303, 1, 2.152),
(23, 'social', 303, 1, 1.307),
(24, 'class', 303, 1, 1.675),
(25, 'conflict', 303, 1, 1.453),
(26, '1960', 303, 1, 2.152),
(27, '1990', 303, 1, 2.152),
(28, 'depict', 303, 1, 1.851),
(29, 'okki', 303, 1, 1.851),
(30, 'madasari', 303, 1, 1.851),
(31, 'year', 303, 1, 2.152),
(32, 'voiceless', 303, 1, 2.152),
(33, 'punk', 304, 1, 1.851),
(34, 'musician', 304, 1, 2.152),
(35, 'social', 304, 1, 1.307),
(36, 'movement', 304, 1, 2.152),
(37, 'around', 304, 1, 2.152),
(38, '70', 304, 1, 2.152),
(39, 'american', 304, 1, 0.561),
(40, 'capit', 304, 1, 2.152),
(41, 'relect', 304, 1, 2.152),
(42, 'cbgb', 304, 1, 2.152),
(43, 'film', 304, 1, 0.675),
(44, 'hippi', 305, 1, 2.152),
(45, 'american', 305, 1, 0.561),
(46, 'counter', 305, 1, 2.152),
(47, 'cultur', 305, 1, 1.851),
(48, 'reflect', 305, 1, 0.596),
(49, 'film', 305, 1, 0.675),
(50, 'take', 305, 1, 2.152),
(51, 'woodstock', 305, 1, 2.152),
(52, 'feminist', 306, 1, 1.374),
(53, 'valu', 306, 1, 1.453),
(54, 'reflect', 306, 1, 0.596),
(55, 'film', 306, 1, 0.675),
(56, 'punk', 306, 1, 1.851),
(57, 'singer', 306, 1, 1.851),
(58, 'denot', 307, 1, 1.675),
(59, 'connot', 307, 1, 1.675),
(60, 'mean', 307, 1, 1.249),
(61, 'bring', 307, 1, 2.152),
(62, 'horizon', 307, 1, 2.152),
(63, 'lyric', 307, 1, 1.073),
(64, 'spirit', 307, 1, 1.851),
(65, 'album', 307, 1, 1.374),
(66, 'semant', 307, 1, 1.249),
(67, 'analysi', 307, 1, 0.675),
(68, 'social', 308, 1, 1.307),
(69, 'condit', 308, 1, 1.851),
(70, 'japanes', 308, 1, 2.152),
(71, 'geisha', 308, 1, 2.152),
(72, 'reflect', 308, 1, 0.596),
(73, 'short', 308, 1, 1.307),
(74, 'stori', 308, 1, 1.307),
(75, 'madam', 308, 1, 2.152),
(76, 'butterfli', 308, 1, 2.152),
(77, 'jhon', 308, 1, 2.152),
(78, 'luther', 308, 1, 2.152),
(79, 'long', 308, 1, 2.152),
(80, 'american', 309, 2, 0.561),
(81, 'exception', 309, 1, 2.152),
(82, 'toward', 309, 1, 1.249),
(83, 'invas', 309, 1, 2.152),
(84, 'afghanistan', 309, 1, 1.851),
(85, 'oper', 309, 1, 2.152),
(86, 'red', 309, 1, 1.851),
(87, 'wing', 309, 1, 2.152),
(88, 'reflect', 309, 1, 0.596),
(89, 'film', 309, 1, 0.675),
(90, 'lone', 309, 1, 1.851),
(91, 'survivor', 309, 1, 1.675),
(92, 'social', 310, 1, 1.307),
(93, 'class', 310, 1, 1.675),
(94, 'victorian', 310, 1, 1.851),
(95, 'era', 310, 1, 1.675),
(96, 'reflect', 310, 1, 0.596),
(97, 'h', 310, 1, 1.851),
(98, 'g', 310, 1, 2.152),
(99, 'well', 310, 1, 2.152),
(100, 'novel', 310, 1, 1.249),
(101, 'time', 310, 1, 1.851),
(102, 'machin', 310, 1, 2.152),
(103, 'totto', 311, 2, 2.152),
(104, 'chan', 311, 2, 2.152),
(105, 'characterist', 311, 1, 2.152),
(106, 'kuroyanagi', 311, 1, 2.152),
(107, 'tetsuko', 311, 1, 2.152),
(108, 'novel', 311, 1, 1.249),
(109, 'entitl', 311, 1, 1.851),
(110, 'littl', 311, 1, 2.152),
(111, 'girl', 311, 1, 1.851),
(112, 'window', 311, 1, 2.152),
(113, 'violat', 312, 1, 1.851),
(114, 'toward', 312, 1, 1.249),
(115, 'children', 312, 1, 1.675),
(116, 'charact', 312, 1, 0.976),
(117, 'england', 312, 1, 2.152),
(118, 'seen', 312, 1, 0.661),
(119, 'constanc', 312, 1, 2.152),
(120, 'brisco', 312, 1, 2.152),
(121, 'ugli', 312, 1, 2.152),
(122, '1966', 312, 1, 2.152),
(123, 'flout', 313, 1, 2.152),
(124, 'maxim', 313, 1, 1.851),
(125, 'implicatur', 313, 1, 1.851),
(126, 'meme', 313, 1, 1.851),
(127, 'post', 313, 1, 1.453),
(128, '8dict', 313, 1, 2.152),
(129, 'tumblr', 313, 1, 2.152),
(130, 'com', 313, 1, 1.851),
(131, 'pragmat', 313, 1, 1.307),
(132, 'analysi', 313, 1, 0.675),
(133, 'syntact', 314, 1, 1.55),
(134, 'analysi', 314, 1, 0.675),
(135, 'noun', 314, 1, 1.675),
(136, 'claus', 314, 1, 2.152),
(137, 'opinion', 314, 1, 2.152),
(138, 'column', 314, 1, 1.675),
(139, 'time', 314, 1, 1.851),
(140, 'newspap', 314, 1, 2.152),
(141, 'impact', 315, 1, 1.453),
(142, 'divorc', 315, 1, 2.152),
(143, 'main', 315, 1, 1.111),
(144, 'male', 315, 1, 2.152),
(145, 'charact', 315, 1, 0.976),
(146, 'steve', 315, 1, 2.152),
(147, 'miller', 315, 1, 2.152),
(148, 'reflect', 315, 1, 0.596),
(149, 'nichola', 315, 1, 1.851),
(150, 'spark', 315, 1, 2.152),
(151, 'last', 315, 1, 2.152),
(152, 'song', 315, 1, 0.948),
(153, 'verbal', 316, 2, 1.851),
(154, 'non', 316, 1, 1.851),
(155, 'symbol', 316, 1, 1.307),
(156, 'found', 316, 1, 1.55),
(157, 'antonio', 316, 1, 2.152),
(158, 'federici', 316, 1, 2.152),
(159, 'gelato', 316, 1, 2.152),
(160, 'italiano', 316, 1, 2.152),
(161, 'ic', 316, 1, 2.152),
(162, 'cream', 316, 1, 2.152),
(163, 'advertis', 316, 1, 1.453),
(164, 'semiot', 316, 1, 1.374),
(165, 'analysi', 316, 1, 0.675),
(166, 'subprim', 317, 1, 2.152),
(167, 'mortgag', 317, 1, 2.152),
(168, 'america', 317, 1, 1.851),
(169, 'seen', 317, 1, 0.661),
(170, 'film', 317, 1, 0.675),
(171, 'big', 317, 1, 2.152),
(172, 'short', 317, 1, 1.307),
(173, 'us', 318, 1, 0.69),
(174, 'blend', 318, 1, 2.152),
(175, 'word', 318, 1, 1.55),
(176, 'format', 318, 1, 1.851),
(177, 'brand', 318, 1, 2.152),
(178, 'morphosemant', 318, 1, 2.152),
(179, 'approach', 318, 1, 0.976),
(180, 'malcolm', 319, 2, 2.152),
(181, 'x', 319, 2, 2.152),
(182, 'person', 319, 1, 1.453),
(183, 'transform', 319, 1, 1.851),
(184, 'reflect', 319, 1, 0.596),
(185, 'film', 319, 1, 0.675),
(186, 'human', 320, 1, 1.851),
(187, 'seen', 320, 1, 0.661),
(188, 'languag', 320, 1, 1.374),
(189, 'bob', 320, 1, 2.152),
(190, 'marlei', 320, 1, 2.152),
(191, 'song', 320, 1, 0.948),
(192, 'lyric', 320, 1, 1.073),
(193, 'critic', 320, 1, 1.374),
(194, 'discours', 320, 1, 1.55),
(195, 'analysi', 320, 1, 0.675),
(196, 'impact', 321, 1, 1.453),
(197, 'trump', 321, 1, 1.374),
(198, 'speech', 321, 1, 1.198),
(199, 'american', 321, 1, 0.561),
(200, 'presidenti', 321, 1, 1.249),
(201, 'campaign', 321, 1, 1.55),
(202, '2016', 321, 1, 1.55),
(203, 'toward', 321, 1, 1.249),
(204, 'muslim', 321, 1, 1.851),
(205, 'ident', 321, 1, 2.152),
(206, 'seen', 321, 1, 0.661),
(207, 'documentari', 321, 1, 1.307),
(208, 'video', 321, 1, 1.249),
(209, 'jame', 322, 1, 2.152),
(210, 'whitei', 322, 1, 2.152),
(211, 'bulger', 322, 1, 2.152),
(212, 'motiv', 322, 1, 1.851),
(213, 'commit', 322, 1, 2.152),
(214, 'crime', 322, 1, 2.152),
(215, 'reflect', 322, 1, 0.596),
(216, 'film', 322, 1, 0.675),
(217, 'black', 322, 1, 1.55),
(218, 'mass', 322, 1, 2.152),
(219, 'impact', 323, 1, 1.453),
(220, 'famili', 323, 1, 2.152),
(221, 'conflict', 323, 1, 1.453),
(222, 'children', 323, 1, 1.675),
(223, 'behavior', 323, 1, 2.152),
(224, 'reflect', 323, 1, 0.596),
(225, 'film', 323, 1, 0.675),
(226, 'american', 323, 1, 0.561),
(227, 'beauti', 323, 1, 1.675),
(228, 'school', 324, 1, 1.675),
(229, 'bulli', 324, 2, 1.851),
(230, 'seen', 324, 1, 0.661),
(231, 'video', 324, 1, 1.249),
(232, 'game', 324, 1, 1.374),
(233, 'scholarship', 324, 1, 2.152),
(234, 'edit', 324, 1, 2.152),
(235, 'person', 325, 1, 1.453),
(236, 'nombeko', 325, 1, 2.152),
(237, 'mayeki', 325, 1, 2.152),
(238, 'reflect', 325, 1, 0.596),
(239, 'jona', 325, 1, 2.152),
(240, 'jonasson', 325, 1, 2.152),
(241, 'girl', 325, 1, 1.851),
(242, 'save', 325, 1, 2.152),
(243, 'king', 325, 1, 2.152),
(244, 'sweden', 325, 1, 2.152),
(245, 'psycholog', 325, 1, 1.55),
(246, 'aprroach', 325, 1, 1.851),
(247, 'women', 326, 1, 1.249),
(248, 'beauti', 326, 1, 1.675),
(249, 'myth', 326, 1, 2.152),
(250, 'maroon', 326, 1, 2.152),
(251, '5', 326, 1, 1.851),
(252, 'video', 326, 1, 1.249),
(253, 'clip', 326, 1, 1.851),
(254, 'women', 327, 1, 1.249),
(255, 'empower', 327, 1, 2.152),
(256, 'seen', 327, 1, 0.661),
(257, 'novel', 327, 1, 1.249),
(258, 'survivor', 327, 1, 1.675),
(259, 'club', 327, 1, 1.851),
(260, 'american', 328, 1, 0.561),
(261, 'propaganda', 328, 1, 2.152),
(262, 'afghanistan', 328, 1, 1.851),
(263, 'war', 328, 1, 1.851),
(264, 'reflect', 328, 1, 0.596),
(265, 'lone', 328, 1, 1.851),
(266, 'survivor', 328, 1, 1.675),
(267, 'film', 328, 1, 0.675),
(268, 'feminist', 329, 1, 1.374),
(269, 'qualiti', 329, 1, 2.152),
(270, 'american', 329, 1, 0.561),
(271, 'vogu', 329, 1, 2.152),
(272, 'cover', 329, 1, 2.152),
(273, 'model', 329, 1, 2.152),
(274, 'express', 330, 1, 1.851),
(275, 'protest', 330, 1, 1.851),
(276, 'toward', 330, 1, 1.249),
(277, 'vietnam', 330, 1, 2.152),
(278, 'war', 330, 1, 1.851),
(279, 'seen', 330, 1, 0.661),
(280, 'marvin', 330, 1, 2.152),
(281, 'gay', 330, 1, 2.152),
(282, 'song', 330, 1, 0.948),
(283, 'lyric', 330, 1, 1.073),
(284, 'portray', 331, 1, 1.55),
(285, 'american', 331, 1, 0.561),
(286, 'investig', 331, 1, 2.152),
(287, 'journal', 331, 1, 2.152),
(288, 'seen', 331, 1, 0.661),
(289, 'film', 331, 1, 0.675),
(290, 'kill', 331, 1, 2.152),
(291, 'messeng', 331, 1, 2.152),
(292, 'highschool', 332, 1, 2.152),
(293, 'bulli', 332, 1, 1.851),
(294, 'reflect', 332, 1, 0.596),
(295, 'web', 332, 1, 2.152),
(296, 'seri', 332, 1, 2.152),
(297, 'movi', 332, 1, 1.453),
(298, '13', 332, 1, 2.152),
(299, 'reason', 332, 1, 2.152),
(300, 'potray', 333, 1, 2.152),
(301, 'american', 333, 1, 0.561),
(302, 'nation', 333, 1, 1.851),
(303, 'secur', 333, 1, 2.152),
(304, 'awar', 333, 1, 2.152),
(305, 'toward', 333, 1, 1.249),
(306, 'terror', 333, 1, 2.152),
(307, 'seen', 333, 1, 0.661),
(308, 'battlefield', 333, 1, 2.152),
(309, '3', 333, 1, 1.55),
(310, 'video', 333, 1, 1.249),
(311, 'game', 333, 1, 1.374),
(312, 'speech', 334, 1, 1.198),
(313, 'act', 334, 1, 1.55),
(314, 'seen', 334, 1, 0.661),
(315, 'webtoon', 334, 1, 2.152),
(316, 'hip', 334, 1, 1.851),
(317, 'hop', 334, 1, 1.851),
(318, 'monster', 334, 1, 1.851),
(319, 'pragmat', 334, 1, 1.307),
(320, 'studi', 334, 1, 0.81),
(321, 'worldview', 335, 1, 2.152),
(322, 'okki', 335, 1, 1.851),
(323, 'madasari', 335, 1, 1.851),
(324, 'outcast', 335, 1, 2.152),
(325, 'genet', 335, 1, 2.152),
(326, 'structur', 335, 1, 2.152),
(327, 'approach', 335, 1, 0.976),
(328, 'loui', 336, 1, 2.152),
(329, 'zamperini', 336, 1, 2.152),
(330, 'american', 336, 1, 0.561),
(331, 'dream', 336, 1, 1.675),
(332, 'reflect', 336, 1, 0.596),
(333, 'film', 336, 1, 0.675),
(334, 'unbroken', 336, 1, 2.152),
(335, 'violat', 337, 1, 1.851),
(336, 'justic', 337, 1, 2.152),
(337, 'american', 337, 1, 0.561),
(338, 'polic', 337, 1, 2.152),
(339, 'depart', 337, 1, 1.851),
(340, 'reflect', 337, 1, 0.596),
(341, 'film', 337, 1, 0.675),
(342, 'changel', 337, 1, 2.152),
(343, 'liber', 338, 1, 1.851),
(344, 'femin', 338, 1, 1.55),
(345, 'american', 338, 1, 0.561),
(346, 'polit', 338, 1, 1.307),
(347, 'system', 338, 1, 2.152),
(348, 'seen', 338, 1, 0.661),
(349, 'film', 338, 1, 0.675),
(350, 'miss', 338, 1, 2.152),
(351, 'sloan', 338, 1, 2.152),
(352, 'impact', 339, 1, 1.453),
(353, 'gun', 339, 1, 2.152),
(354, 'ownership', 339, 1, 2.152),
(355, 'legal', 339, 1, 2.152),
(356, 'american', 339, 1, 0.561),
(357, 'societi', 339, 1, 1.55),
(358, 'seen', 339, 1, 0.661),
(359, 'documentari', 339, 1, 1.307),
(360, 'film', 339, 1, 0.675),
(361, 'bowl', 339, 1, 2.152),
(362, 'columbin', 339, 1, 2.152),
(363, 'motiv', 340, 1, 1.851),
(364, 'main', 340, 1, 1.111),
(365, 'charact', 340, 1, 0.976),
(366, 'surviv', 340, 1, 1.851),
(367, 'reflect', 340, 1, 0.596),
(368, 'h', 340, 1, 1.851),
(369, 'de', 340, 1, 2.152),
(370, 'vere', 340, 1, 2.152),
(371, 'stacpool', 340, 1, 2.152),
(372, 'blue', 340, 1, 1.851),
(373, 'lagoon', 340, 1, 2.152),
(374, 'psycholog', 340, 1, 1.55),
(375, 'approach', 340, 1, 0.976),
(376, 'american', 341, 1, 0.561),
(377, 'lifestyl', 341, 1, 1.851),
(378, 'modern', 341, 1, 2.152),
(379, 'societi', 341, 1, 1.55),
(380, 'reflect', 341, 1, 0.596),
(381, 'film', 341, 1, 0.675),
(382, 'fast', 341, 1, 2.152),
(383, 'furiou', 341, 1, 2.152),
(384, '5', 341, 1, 1.851),
(385, 'conspiraci', 342, 1, 2.152),
(386, 'american', 342, 1, 0.561),
(387, 'polit', 342, 1, 1.307),
(388, 'seen', 342, 1, 0.661),
(389, 'film', 342, 1, 0.675),
(390, 'wag', 342, 1, 2.152),
(391, 'dog', 342, 1, 2.152),
(392, 'social', 343, 1, 1.307),
(393, 'condit', 343, 1, 1.851),
(394, 'tsar', 343, 1, 2.152),
(395, 'nichola', 343, 1, 1.851),
(396, 'ii', 343, 1, 2.152),
(397, 'era', 343, 1, 1.675),
(398, 'reflect', 343, 1, 0.596),
(399, 'maxim', 343, 1, 1.851),
(400, 'gorki', 343, 1, 2.152),
(401, 'life', 343, 1, 2.152),
(402, 'useless', 343, 1, 2.152),
(403, 'man', 343, 1, 1.851),
(404, 'portray', 344, 1, 1.55),
(405, 'injustic', 344, 1, 2.152),
(406, 'american', 344, 1, 0.561),
(407, 'prison', 344, 1, 2.152),
(408, 'reflect', 344, 1, 0.596),
(409, 'film', 344, 1, 0.675),
(410, 'shawshank', 344, 1, 2.152),
(411, 'redempt', 344, 1, 2.152),
(412, 'loyalti', 345, 1, 2.152),
(413, 'american', 345, 1, 0.561),
(414, 'citizen', 345, 1, 2.152),
(415, 'defend', 345, 1, 2.152),
(416, 'nation', 345, 1, 1.851),
(417, 'reflect', 345, 1, 0.596),
(418, 'film', 345, 1, 0.675),
(419, 'olympu', 345, 1, 2.152),
(420, 'fallen', 345, 1, 2.152),
(421, 'critic', 346, 1, 1.374),
(422, 'toward', 346, 1, 1.249),
(423, 'american', 346, 1, 0.561),
(424, 'superior', 346, 1, 2.152),
(425, 'documentari', 346, 1, 1.307),
(426, 'film', 346, 1, 0.675),
(427, 'invad', 346, 1, 2.152),
(428, 'next', 346, 1, 2.152),
(429, 'represent', 347, 1, 2.152),
(430, 'american', 347, 1, 0.561),
(431, 'hegemoni', 347, 1, 1.851),
(432, 'toward', 347, 1, 1.249),
(433, 'muslim', 347, 1, 1.851),
(434, 'peopl', 347, 1, 2.152),
(435, 'somalia', 347, 1, 2.152),
(436, 'seen', 347, 1, 0.661),
(437, 'film', 347, 1, 0.675),
(438, 'black', 347, 1, 1.55),
(439, 'hawk', 347, 1, 2.152),
(440, 'campaign', 348, 1, 1.55),
(441, 'strategi', 348, 1, 1.675),
(442, 'john', 348, 1, 1.453),
(443, 'mccain', 348, 1, 2.152),
(444, 'american', 348, 1, 0.561),
(445, 'presidenti', 348, 1, 1.249),
(446, 'elect', 348, 1, 1.374),
(447, '2008', 348, 1, 2.152),
(448, 'seen', 348, 1, 0.661),
(449, 'telefilm', 348, 1, 2.152),
(450, 'game', 348, 1, 1.374),
(451, 'chang', 348, 1, 2.152),
(452, 'post', 349, 1, 1.453),
(453, 'traumat', 349, 1, 2.152),
(454, 'stress', 349, 1, 2.152),
(455, 'disord', 349, 1, 1.851),
(456, 'main', 349, 1, 1.111),
(457, 'charact', 349, 1, 0.976),
(458, 'charli', 349, 1, 2.152),
(459, 'reflect', 349, 1, 0.596),
(460, 'stephen', 349, 1, 1.675),
(461, 'chboski', 349, 1, 2.152),
(462, 'perk', 349, 1, 2.152),
(463, 'wallflow', 349, 1, 2.152),
(464, 'psycholog', 349, 1, 1.55),
(465, 'aprroach', 349, 1, 1.851),
(466, 'american', 350, 1, 0.561),
(467, 'manipul', 350, 1, 1.851),
(468, 'leadership', 350, 1, 2.152),
(469, 'effect', 350, 1, 1.851),
(470, 'toward', 350, 1, 1.249),
(471, 'subordin', 350, 1, 2.152),
(472, 'portrai', 350, 1, 2.152),
(473, 'orson', 350, 1, 2.152),
(474, 'scott', 350, 1, 2.152),
(475, 'card', 350, 1, 2.152),
(476, 'novel', 350, 1, 1.249),
(477, 'ender', 350, 1, 2.152),
(478, 'game', 350, 1, 1.374),
(479, 'symbol', 351, 1, 1.307),
(480, 'american', 351, 1, 0.561),
(481, 'cultur', 351, 1, 1.851),
(482, 'valu', 351, 1, 1.453),
(483, 'film', 351, 1, 0.675),
(484, 'diverg', 351, 1, 2.152),
(485, 'sociolinguist', 352, 1, 1.038),
(486, 'studi', 352, 1, 0.81),
(487, 'code', 352, 1, 1.307),
(488, 'switch', 352, 1, 1.851),
(489, 'us', 352, 1, 0.69),
(490, 'third', 352, 1, 1.851),
(491, 'album', 352, 1, 1.374),
(492, 'highlight', 352, 1, 2.152),
(493, 'beast', 352, 1, 2.152),
(494, 'slang', 353, 1, 1.55),
(495, 'word', 353, 1, 1.55),
(496, 'us', 353, 1, 0.69),
(497, 'central', 353, 1, 2.152),
(498, 'intellig', 353, 1, 2.152),
(499, 'movi', 353, 1, 1.453),
(500, 'sociolinguist', 353, 1, 1.038),
(501, 'approach', 353, 1, 0.976),
(502, 'discours', 354, 1, 1.55),
(503, 'analysi', 354, 1, 0.675),
(504, 'shirlei', 354, 1, 1.851),
(505, 'jackson', 354, 1, 1.675),
(506, 'short', 354, 1, 1.307),
(507, 'stori', 354, 1, 1.307),
(508, 'charl', 354, 1, 1.675),
(509, 'impact', 355, 1, 1.453),
(510, 'american', 355, 2, 0.561),
(511, 'presidenti', 355, 2, 1.249),
(512, 'conflict', 355, 1, 1.453),
(513, 'elect', 355, 1, 1.374),
(514, 'reflect', 355, 1, 0.596),
(515, 'film', 355, 1, 0.675),
(516, 'presid', 355, 1, 2.152),
(517, 'us', 356, 1, 0.69),
(518, 'slang', 356, 1, 1.55),
(519, 'eminem', 356, 1, 2.152),
(520, 'song', 356, 1, 0.948),
(521, 'lyric', 356, 1, 1.073),
(522, 'sociolinguist', 356, 1, 1.038),
(523, 'studi', 356, 1, 0.81),
(524, 'semant', 357, 1, 1.249),
(525, 'studi', 357, 1, 0.81),
(526, 'lexic', 357, 1, 1.851),
(527, 'contextu', 357, 1, 1.675),
(528, 'mean', 357, 1, 1.249),
(529, 'avril', 357, 1, 2.152),
(530, 'lavign', 357, 1, 2.152),
(531, 'song', 357, 1, 0.948),
(532, 'lexic', 358, 1, 1.851),
(533, 'contextu', 358, 1, 1.675),
(534, 'mean', 358, 1, 1.249),
(535, 'english', 358, 1, 1.249),
(536, 'translat', 358, 1, 1.374),
(537, 'surah', 358, 1, 1.675),
(538, 'al', 358, 1, 1.851),
(539, 'fatihah', 358, 1, 2.152),
(540, 'semant', 358, 1, 1.249),
(541, 'studi', 358, 1, 0.81),
(542, 'metaphor', 359, 1, 2.152),
(543, 'mean', 359, 1, 1.249),
(544, 'us', 359, 1, 0.69),
(545, 'jason', 359, 1, 2.152),
(546, 'mraz', 359, 1, 2.152),
(547, 'song', 359, 1, 0.948),
(548, 'lyric', 359, 1, 1.073),
(549, 'semant', 359, 1, 1.249),
(550, 'studi', 359, 1, 0.81),
(551, 'struggl', 360, 1, 1.453),
(552, 'main', 360, 1, 1.111),
(553, 'charact', 360, 1, 0.976),
(554, 'rai', 360, 2, 2.152),
(555, 'charl', 360, 1, 1.675),
(556, 'robinson', 360, 1, 2.152),
(557, 'racism', 360, 1, 1.851),
(558, 'seen', 360, 1, 0.661),
(559, 'film', 360, 1, 0.675),
(560, 'polit', 361, 1, 1.307),
(561, 'principl', 361, 1, 2.152),
(562, 'us', 361, 1, 0.69),
(563, 'commun', 361, 1, 2.152),
(564, 'among', 361, 1, 2.152),
(565, 'student', 361, 1, 2.152),
(566, 'lectur', 361, 1, 2.152),
(567, 'english', 361, 1, 1.249),
(568, 'literatur', 361, 1, 2.152),
(569, 'depart', 361, 1, 1.851),
(570, 'universita', 361, 1, 2.152),
(571, 'ahmad', 361, 1, 1.851),
(572, 'dahlan', 361, 1, 2.152),
(573, 'pragmat', 361, 1, 1.307),
(574, 'analysi', 361, 1, 0.675),
(575, 'american', 362, 1, 0.561),
(576, 'lifestyl', 362, 1, 1.851),
(577, 'bruno', 362, 1, 2.152),
(578, 'mar', 362, 1, 2.152),
(579, 'song', 362, 1, 0.948),
(580, 'lyric', 362, 1, 1.073),
(581, 'reflect', 362, 1, 0.596),
(582, '24k', 362, 1, 2.152),
(583, 'magic', 362, 1, 2.152),
(584, 'album', 362, 1, 1.374),
(585, 'psychopat', 363, 1, 2.152),
(586, 'disord', 363, 1, 1.851),
(587, 'murder', 363, 2, 2.152),
(588, 'agatha', 363, 1, 2.152),
(589, 'christi', 363, 1, 2.152),
(590, 'abc', 363, 1, 2.152),
(591, 'trump', 364, 1, 1.374),
(592, 'conserv', 364, 1, 2.152),
(593, 'valu', 364, 1, 1.453),
(594, 'media', 364, 1, 1.851),
(595, 'win', 364, 1, 2.152),
(596, 'american', 364, 1, 0.561),
(597, 'presidenti', 364, 1, 1.249),
(598, 'elect', 364, 1, 1.374),
(599, '2016', 364, 1, 1.55),
(600, 'liber', 365, 1, 1.851),
(601, 'feminist', 365, 1, 1.374),
(602, 'valu', 365, 1, 1.453),
(603, 'reflect', 365, 1, 0.596),
(604, 'leo', 365, 1, 2.152),
(605, 'tolstoi', 365, 1, 2.152),
(606, 'anna', 365, 1, 2.152),
(607, 'karenina', 365, 1, 2.152),
(608, 'women', 366, 1, 1.249),
(609, 'resist', 366, 1, 1.851),
(610, 'charact', 366, 1, 0.976),
(611, 'elizabeth', 366, 1, 2.152),
(612, 'bennet', 366, 1, 2.152),
(613, 'pride', 366, 1, 1.851),
(614, 'prejudic', 366, 1, 1.851),
(615, 'hester', 366, 1, 2.152),
(616, 'prynn', 366, 1, 2.152),
(617, 'scarlet', 366, 1, 2.152),
(618, 'letter', 366, 1, 1.851),
(619, 'compar', 366, 1, 1.851),
(620, 'studi', 366, 1, 0.81),
(621, 'speech', 367, 1, 1.198),
(622, 'act', 367, 1, 1.55),
(623, 'us', 367, 1, 0.69),
(624, 'script', 367, 1, 1.675),
(625, 'first', 367, 1, 2.152),
(626, 'trump', 367, 1, 1.374),
(627, 'clinton', 367, 1, 2.152),
(628, 'presidenti', 367, 1, 1.249),
(629, 'debat', 367, 1, 1.851),
(630, 'pragmat', 367, 1, 1.307),
(631, 'approach', 367, 1, 0.976),
(632, 'love', 368, 2, 1.851),
(633, 'dimens', 368, 1, 2.152),
(634, 'mean', 368, 1, 1.249),
(635, 'jalaluddin', 368, 1, 2.152),
(636, 'rumi', 368, 1, 2.152),
(637, 'express', 368, 1, 1.851),
(638, 'approach', 368, 1, 0.976),
(639, 'social', 369, 1, 1.307),
(640, 'polit', 369, 1, 1.307),
(641, 'critic', 369, 1, 1.374),
(642, 'seen', 369, 1, 0.661),
(643, 'green', 369, 1, 2.152),
(644, 'dai', 369, 1, 1.851),
(645, 'song', 369, 1, 0.948),
(646, 'ltric', 369, 1, 2.152),
(647, 'music', 369, 1, 1.675),
(648, 'clip', 369, 1, 1.851),
(649, 'spirit', 370, 1, 1.851),
(650, 'femin', 370, 1, 1.55),
(651, 'reflect', 370, 1, 0.596),
(652, 'kati', 370, 1, 2.152),
(653, 'perri', 370, 1, 2.152),
(654, 'album', 370, 1, 1.374),
(655, 'prism', 370, 1, 2.152),
(656, 'contribut', 371, 1, 2.152),
(657, 'kenni', 371, 1, 2.152),
(658, 'leon', 371, 1, 2.152),
(659, 'american', 371, 1, 0.561),
(660, 'theater', 371, 1, 2.152),
(661, 'feminist', 372, 1, 1.374),
(662, 'symbol', 372, 1, 1.307),
(663, 'american', 372, 1, 0.561),
(664, 'super', 372, 1, 2.152),
(665, 'heroin', 372, 1, 2.152),
(666, 'seen', 372, 1, 0.661),
(667, 'movi', 372, 1, 1.453),
(668, 'poster', 372, 1, 2.152),
(669, 'indonesian', 373, 1, 1.55),
(670, 'english', 373, 1, 1.249),
(671, 'code', 373, 1, 1.307),
(672, 'mix', 373, 1, 1.374),
(673, 'us', 373, 1, 0.69),
(674, 'ask', 373, 1, 2.152),
(675, 'fm', 373, 1, 2.152),
(676, 'user', 373, 1, 2.152),
(677, 'answer', 373, 1, 2.152),
(678, 'page', 373, 1, 2.152),
(679, 'sociolinguist', 373, 1, 1.038),
(680, 'analysi', 373, 1, 0.675),
(681, 'women', 374, 1, 1.249),
(682, 'portray', 374, 1, 1.55),
(683, 'seen', 374, 1, 0.661),
(684, 'destini', 374, 1, 2.152),
(685, 'child', 374, 1, 2.152),
(686, 'song', 374, 1, 0.948),
(687, 'lyric', 374, 1, 1.073),
(688, 'post', 374, 1, 1.453),
(689, 'feminist', 374, 1, 1.374),
(690, 'approach', 374, 1, 0.976),
(691, 'swear', 375, 1, 2.152),
(692, 'word', 375, 1, 1.55),
(693, 'us', 375, 1, 0.69),
(694, 'grand', 375, 1, 2.152),
(695, 'theft', 375, 1, 2.152),
(696, 'auto', 375, 1, 2.152),
(697, 'v', 375, 1, 2.152),
(698, 'game', 375, 1, 1.374),
(699, 'sociolinguist', 375, 1, 1.038),
(700, 'approach', 375, 1, 0.976),
(701, 'code', 376, 1, 1.307),
(702, 'mix', 376, 1, 1.374),
(703, 'us', 376, 1, 0.69),
(704, 'music', 376, 1, 1.675),
(705, 'show', 376, 1, 2.152),
(706, 'school', 376, 1, 1.675),
(707, 'club', 376, 1, 1.851),
(708, 'arirang', 376, 1, 2.152),
(709, 'tv', 376, 1, 1.851),
(710, 'sociolinguist', 376, 1, 1.038),
(711, 'studi', 376, 1, 0.81),
(712, 'person', 377, 1, 1.453),
(713, 'kate', 377, 1, 1.851),
(714, 'p', 377, 1, 2.152),
(715, 'main', 377, 1, 1.111),
(716, 'charact', 377, 1, 0.976),
(717, 'emerald', 377, 1, 2.152),
(718, 'atla', 377, 1, 2.152),
(719, 'john', 377, 1, 1.453),
(720, 'stephen', 377, 1, 1.675),
(721, 'psychoanalysi', 377, 1, 1.851),
(722, 'studi', 377, 1, 0.81),
(723, 'role', 378, 1, 2.152),
(724, 'american', 378, 1, 0.561),
(725, 'polit', 378, 1, 1.307),
(726, 'satir', 378, 1, 2.152),
(727, 'seen', 378, 1, 0.661),
(728, 'anim', 378, 1, 2.152),
(729, 'video', 378, 1, 1.249),
(730, 'caricatur', 378, 1, 2.152),
(731, 'trump', 378, 1, 1.374),
(732, 'presidenti', 378, 1, 1.249),
(733, 'elect', 378, 1, 1.374),
(734, '2016', 378, 1, 1.55),
(735, 'beyonc', 379, 1, 2.152),
(736, 'protest', 379, 1, 1.851),
(737, 'song', 379, 1, 0.948),
(738, 'gender', 379, 1, 1.851),
(739, 'perspect', 379, 1, 2.152),
(740, 'media', 380, 1, 1.851),
(741, 'manipul', 380, 1, 1.851),
(742, 'american', 380, 1, 0.561),
(743, 'presidenti', 380, 1, 1.249),
(744, 'elect', 380, 1, 1.374),
(745, 'reflect', 380, 1, 0.596),
(746, 'documentari', 380, 1, 1.307),
(747, 'film', 380, 1, 0.675),
(748, 'spin', 380, 1, 2.152),
(749, '1995', 380, 1, 2.152),
(750, 'struggl', 381, 1, 1.453),
(751, 'rachel', 381, 1, 2.152),
(752, 'alien', 381, 1, 2.152),
(753, 'corri', 381, 1, 2.152),
(754, 'american', 381, 1, 0.561),
(755, 'palestinian', 381, 1, 2.152),
(756, 'peac', 381, 1, 2.152),
(757, 'activist', 381, 1, 2.152),
(758, 'zionist', 381, 1, 2.152),
(759, 'novel', 381, 1, 1.249),
(760, 'let', 381, 1, 1.851),
(761, 'stand', 381, 1, 2.152),
(762, 'alon', 381, 1, 2.152),
(763, 'gender', 382, 1, 1.851),
(764, 'issu', 382, 1, 2.152),
(765, 'seen', 382, 1, 0.661),
(766, '2016', 382, 1, 1.55),
(767, 'u', 382, 1, 2.152),
(768, 'presidenti', 382, 1, 1.249),
(769, 'elect', 382, 1, 1.374),
(770, 'speech', 382, 1, 1.198),
(771, 'debat', 382, 1, 1.851),
(772, 'script', 382, 1, 1.675),
(773, 'trump', 383, 3, 1.374),
(774, 'critic', 383, 1, 1.374),
(775, 'ironi', 383, 1, 2.152),
(776, 'american', 383, 1, 0.561),
(777, 'secular', 383, 1, 2.152),
(778, 'reflect', 383, 1, 0.596),
(779, 'donald', 383, 1, 1.851),
(780, 'documentari', 383, 1, 1.307),
(781, 'campaign', 383, 1, 1.55),
(782, 'video', 383, 1, 1.249),
(783, 'separ', 383, 1, 2.152),
(784, 'church', 383, 1, 2.152),
(785, 'state', 383, 1, 2.152),
(786, 'morpholog', 384, 1, 1.675),
(787, 'analysi', 384, 1, 0.675),
(788, 'deriv', 384, 1, 2.152),
(789, 'suffix', 384, 1, 2.152),
(790, 'cressida', 384, 1, 2.152),
(791, 'cowel', 384, 1, 2.152),
(792, 'train', 384, 1, 2.152),
(793, 'dragon', 384, 1, 2.152),
(794, 'syntact', 385, 1, 1.55),
(795, 'analysi', 385, 1, 0.675),
(796, 'noun', 385, 1, 1.675),
(797, 'phrase', 385, 1, 1.851),
(798, 'us', 385, 1, 0.69),
(799, 'speech', 385, 1, 1.198),
(800, 'three', 385, 1, 1.851),
(801, 'countri', 385, 1, 2.152),
(802, 'leader', 385, 1, 2.152),
(803, 'psychosoci', 386, 1, 2.152),
(804, 'develop', 386, 1, 1.851),
(805, 'main', 386, 1, 1.111),
(806, 'charact', 386, 1, 0.976),
(807, 'natsum', 386, 1, 2.152),
(808, 'soseki', 386, 1, 2.152),
(809, 'botchan', 386, 1, 2.152),
(810, 'struggl', 387, 1, 1.453),
(811, 'women', 387, 1, 1.249),
(812, 'second', 387, 1, 2.152),
(813, 'sex', 387, 1, 2.152),
(814, 'paulo', 387, 1, 1.675),
(815, 'ceolho', 387, 1, 2.152),
(816, 'eleven', 387, 1, 1.851),
(817, 'minut', 387, 1, 2.152),
(818, 'ramayda', 387, 1, 2.152),
(819, 'akmal', 387, 1, 2.152),
(820, 'jatisaba', 387, 1, 2.152),
(821, 'compar', 387, 1, 1.851),
(822, 'studi', 387, 1, 0.81),
(823, 'person', 388, 1, 1.453),
(824, 'main', 388, 1, 1.111),
(825, 'charact', 388, 1, 0.976),
(826, 'edgar', 388, 1, 2.152),
(827, 'allan', 388, 1, 2.152),
(828, 'poe', 388, 1, 2.152),
(829, 'short', 388, 1, 1.307),
(830, 'stori', 388, 1, 1.307),
(831, 'black', 388, 1, 1.55),
(832, 'cat', 388, 1, 2.152),
(833, 'tell', 388, 1, 2.152),
(834, 'tale', 388, 1, 2.152),
(835, 'heart', 388, 1, 2.152),
(836, 'implicatur', 389, 1, 1.851),
(837, 'us', 389, 1, 0.69),
(838, 'meme', 389, 1, 1.851),
(839, '9gag', 389, 1, 2.152),
(840, 'com', 389, 1, 1.851),
(841, 'instagram', 389, 1, 2.152),
(842, 'account', 389, 1, 2.152),
(843, 'pragmat', 389, 1, 1.307),
(844, 'analysi', 389, 1, 0.675),
(845, 'feminist', 390, 1, 1.374),
(846, 'valu', 390, 1, 1.453),
(847, 'reflect', 390, 1, 0.596),
(848, 'michel', 390, 1, 2.152),
(849, 'obama', 390, 1, 2.152),
(850, 'documentari', 390, 1, 1.307),
(851, 'speech', 390, 1, 1.198),
(852, 'women', 391, 2, 1.249),
(853, 'imag', 391, 1, 2.152),
(854, 'seen', 391, 1, 0.661),
(855, 'advertis', 391, 1, 1.453),
(856, 'harper', 391, 1, 2.152),
(857, 'bazaar', 391, 1, 2.152),
(858, 'american', 391, 1, 0.561),
(859, 'magazin', 391, 1, 1.851),
(860, 'semiot', 392, 1, 1.374),
(861, 'analysi', 392, 1, 0.675),
(862, 'let', 392, 1, 1.851),
(863, 'album', 392, 1, 1.374),
(864, 'written', 392, 1, 2.152),
(865, 'beatl', 392, 1, 2.152),
(866, 'base', 392, 1, 2.152),
(867, 'c', 392, 1, 2.152),
(868, 'peirc', 392, 1, 2.152),
(869, 'theori', 392, 1, 1.851),
(870, 'code', 393, 1, 1.307),
(871, 'mix', 393, 1, 1.374),
(872, 'us', 393, 1, 0.69),
(873, 'suhai', 393, 1, 2.152),
(874, 'salim', 393, 1, 2.152),
(875, 'vlog', 393, 1, 2.152),
(876, 'sociolinguist', 393, 1, 1.038),
(877, 'studi', 393, 1, 0.81),
(878, 'translat', 394, 2, 1.374),
(879, 'error', 394, 1, 2.152),
(880, 'english', 394, 1, 1.249),
(881, 'indonesian', 394, 1, 1.55),
(882, 'soman', 394, 1, 2.152),
(883, 'chainani', 394, 1, 2.152),
(884, 'school', 394, 1, 1.675),
(885, 'good', 394, 1, 2.152),
(886, 'evil', 394, 1, 2.152),
(887, 'kartika', 394, 1, 2.152),
(888, 'sofyan', 394, 1, 2.152),
(889, 'sekolah', 394, 1, 2.152),
(890, 'kebaikan', 394, 1, 2.152),
(891, 'dan', 394, 1, 1.851),
(892, 'kejahatan', 394, 1, 2.152),
(893, 'morpholog', 395, 1, 1.675),
(894, 'analysi', 395, 1, 0.675),
(895, 'english', 395, 1, 1.249),
(896, 'affix', 395, 1, 2.152),
(897, 'busi', 395, 1, 2.152),
(898, 'column', 395, 1, 1.675),
(899, 'cnn', 395, 1, 2.152),
(900, 'new', 395, 1, 1.851),
(901, 'freudian', 396, 1, 2.152),
(902, 'studi', 396, 1, 0.81),
(903, 'humber', 396, 1, 2.152),
(904, 'sexual', 396, 1, 2.152),
(905, 'disorient', 396, 1, 2.152),
(906, 'vladimir', 396, 1, 2.152),
(907, 'nabokov', 396, 1, 2.152),
(908, 'lolita', 396, 1, 2.152),
(909, 'syntact', 397, 1, 1.55),
(910, 'analysi', 397, 1, 0.675),
(911, 'sentenc', 397, 1, 2.152),
(912, 'type', 397, 1, 2.152),
(913, 'pattern', 397, 1, 2.152),
(914, 'us', 397, 1, 0.69),
(915, 'pop', 397, 1, 2.152),
(916, 'star', 397, 1, 2.152),
(917, 'new', 397, 1, 1.851),
(918, ' hello', 397, 1, 2.152),
(919, 'english', 397, 1, 1.249),
(920, 'magazin', 397, 1, 1.851),
(921, 'femini', 398, 1, 2.152),
(922, 'utopian', 398, 1, 2.152),
(923, 'seen', 398, 1, 0.661),
(924, 'advertis', 398, 1, 1.453),
(925, 'american', 398, 1, 0.561),
(926, 'beauti', 398, 1, 1.675),
(927, 'product', 398, 1, 1.851),
(928, 'symbol', 399, 1, 1.307),
(929, 'us', 399, 1, 0.69),
(930, 'john', 399, 1, 1.453),
(931, 'steinbeck', 399, 1, 1.675),
(932, 'chrysanthemum', 399, 1, 2.152),
(933, 'semiot', 399, 1, 1.374),
(934, 'approach', 399, 1, 0.976),
(935, 'portray', 400, 1, 1.55),
(936, 'american', 400, 1, 0.561),
(937, 'societi', 400, 1, 1.55),
(938, 'great', 400, 1, 2.152),
(939, 'depress', 400, 1, 2.152),
(940, '1930', 400, 1, 2.152),
(941, 'reflect', 400, 1, 0.596),
(942, 'john', 400, 1, 1.453),
(943, 'steinbeck', 400, 1, 1.675),
(944, 'grape', 400, 1, 1.851),
(945, 'wrath', 400, 1, 1.851),
(946, 'translat', 401, 1, 1.374),
(947, 'analysi', 401, 1, 0.675),
(948, 'indonesian', 401, 1, 1.55),
(949, 'english', 401, 1, 1.249),
(950, 'version', 401, 1, 2.152),
(951, 'ahmad', 401, 1, 1.851),
(952, 'tohari', 401, 1, 2.152),
(953, 'short', 401, 1, 1.307),
(954, 'stori', 401, 1, 1.307),
(955, 'antholog', 401, 1, 2.152),
(956, 'entitl', 401, 1, 1.851),
(957, 'senyum', 401, 1, 2.152),
(958, 'karyamin', 401, 2, 2.152),
(959, 'smile', 401, 1, 2.152),
(960, 'speech', 402, 1, 1.198),
(961, 'act', 402, 1, 1.55),
(962, 'seen', 402, 1, 0.661),
(963, 'film', 402, 1, 0.675),
(964, 'script', 402, 1, 1.675),
(965, 'toi', 402, 1, 2.152),
(966, 'stori', 402, 1, 1.307),
(967, '3', 402, 1, 1.55),
(968, 'pragmat', 402, 1, 1.307),
(969, 'approach', 402, 1, 0.976),
(970, 'contextu', 403, 1, 1.675),
(971, 'mean', 403, 1, 1.249),
(972, 'contain', 403, 1, 2.152),
(973, '#newyear', 403, 1, 2.152),
(974, 'post', 403, 1, 1.453),
(975, 'twitter', 403, 1, 2.152),
(976, 'semant', 403, 1, 1.249),
(977, 'analysi', 403, 1, 0.675),
(978, 'denot', 404, 1, 1.675),
(979, 'connot', 404, 1, 1.675),
(980, 'mean', 404, 1, 1.249),
(981, 'us', 404, 1, 0.69),
(982, 'maher', 404, 1, 2.152),
(983, 'zein', 404, 1, 2.152),
(984, 'song', 404, 1, 0.948),
(985, 'lyric', 404, 1, 1.073),
(986, 'semant', 404, 1, 1.249),
(987, 'studi', 404, 1, 0.81),
(988, 'morpholog', 405, 1, 1.675),
(989, 'analysi', 405, 1, 0.675),
(990, 'word', 405, 1, 1.55),
(991, 'format', 405, 1, 1.851),
(992, 'process', 405, 1, 2.152),
(993, 'found', 405, 1, 1.55),
(994, 'featur', 405, 1, 1.851),
(995, 'column', 405, 1, 1.675),
(996, 'jakarta', 405, 1, 2.152),
(997, 'post', 405, 1, 1.453),
(998, 'figur', 406, 1, 1.675),
(999, 'speech', 406, 1, 1.198),
(1000, 'us', 406, 1, 0.69),
(1001, 'billboard', 406, 1, 2.152),
(1002, 'top', 406, 1, 2.152),
(1003, '3', 406, 1, 1.55),
(1004, 'song', 406, 1, 0.948),
(1005, 'lyric', 406, 1, 1.073),
(1006, '2017', 406, 1, 2.152),
(1007, 'stylist', 406, 1, 1.453),
(1008, 'analysi', 406, 1, 0.675),
(1009, 'symbol', 407, 1, 1.307),
(1010, 'seen', 407, 1, 0.661),
(1011, 'charact', 407, 1, 0.976),
(1012, 'film', 407, 1, 0.675),
(1013, 'angri', 407, 1, 2.152),
(1014, 'bird', 407, 1, 2.152),
(1015, 'semiot', 407, 1, 1.374),
(1016, 'analysi', 407, 1, 0.675),
(1017, 'woman', 408, 1, 2.152),
(1018, 'exist', 408, 1, 2.152),
(1019, 'mitch', 408, 1, 2.152),
(1020, 'albom', 408, 1, 2.152),
(1021, 'on', 408, 1, 2.152),
(1022, 'dai', 408, 1, 1.851),
(1023, 'femin', 408, 1, 1.55),
(1024, 'studi', 408, 1, 0.81),
(1025, 'verbal', 409, 2, 1.851),
(1026, 'non', 409, 1, 1.851),
(1027, 'symbol', 409, 1, 1.307),
(1028, 'found', 409, 1, 1.55),
(1029, 'racial', 409, 1, 2.152),
(1030, 'advertis', 409, 1, 1.453),
(1031, 'semiot', 409, 1, 1.374),
(1032, 'analysi', 409, 1, 0.675),
(1033, 'healthi', 410, 1, 2.152),
(1034, 'food', 410, 1, 2.152),
(1035, 'style', 410, 1, 2.152),
(1036, 'campaign', 410, 1, 1.55),
(1037, 'seen', 410, 1, 0.661),
(1038, 'youtub', 410, 1, 1.851),
(1039, 'channel', 410, 1, 2.152),
(1040, 'healthnut', 410, 1, 2.152),
(1041, 'nutrit', 410, 1, 2.152),
(1042, 'stylist', 411, 1, 1.453),
(1043, 'analysi', 411, 1, 0.675),
(1044, 'select', 411, 1, 2.152),
(1045, 'short', 411, 1, 1.307),
(1046, 'stori', 411, 1, 1.307),
(1047, 'children', 411, 1, 1.675),
(1048, 'han', 411, 1, 2.152),
(1049, 'christian', 411, 1, 2.152),
(1050, 'andersen', 411, 1, 2.152),
(1051, 'microstructur', 412, 1, 2.152),
(1052, 'macrostructur', 412, 1, 2.152),
(1053, 'anaysi', 412, 1, 2.152),
(1054, 'us', 412, 1, 0.69),
(1055, 'translat', 412, 1, 1.374),
(1056, 'text', 412, 1, 1.851),
(1057, 'surah', 412, 1, 1.675),
(1058, 'al', 412, 1, 1.851),
(1059, 'hajj', 412, 1, 2.152),
(1060, 'discours', 412, 1, 1.55),
(1061, 'analysi', 412, 1, 0.675),
(1062, 'code', 413, 1, 1.307),
(1063, 'mix', 413, 1, 1.374),
(1064, 'analysi', 413, 1, 0.675),
(1065, 'us', 413, 1, 0.69),
(1066, 'indonesian', 413, 1, 1.55),
(1067, 'vlogger', 413, 1, 2.152),
(1068, 'sociolinguist', 413, 1, 1.038),
(1069, 'approach', 413, 1, 0.976),
(1070, 'semant', 414, 1, 1.249),
(1071, 'studi', 414, 1, 0.81),
(1072, 'denot', 414, 1, 1.675),
(1073, 'connot', 414, 1, 1.675),
(1074, 'mean', 414, 1, 1.249),
(1075, 'us', 414, 1, 0.69),
(1076, 'advertis', 414, 1, 1.453),
(1077, 'shampoo', 414, 1, 2.152),
(1078, 'product', 414, 1, 1.851),
(1079, 'us', 415, 1, 0.69),
(1080, 'slang', 415, 1, 1.55),
(1081, 'rush', 415, 1, 2.152),
(1082, 'hour', 415, 1, 2.152),
(1083, '3', 415, 1, 1.55),
(1084, 'movi', 415, 1, 1.453),
(1085, 'sociolinguist', 415, 1, 1.038),
(1086, 'studi', 415, 1, 0.81),
(1087, 'colloc', 416, 1, 2.152),
(1088, 'translat', 416, 1, 1.374),
(1089, 'us', 416, 1, 0.69),
(1090, 'paulo', 416, 1, 1.675),
(1091, 'coelho', 416, 1, 1.851),
(1092, 'spy', 416, 1, 2.152),
(1093, 'semant', 416, 1, 1.249),
(1094, 'approach', 416, 1, 0.976),
(1095, 'figur', 417, 1, 1.675),
(1096, 'languag', 417, 1, 1.374),
(1097, 'us', 417, 1, 0.69),
(1098, 'english', 417, 1, 1.249),
(1099, 'translat', 417, 1, 1.374),
(1100, 'text', 417, 1, 1.851),
(1101, 'surah', 417, 1, 1.675),
(1102, 'ar', 417, 1, 2.152),
(1103, 'rahmÃn', 417, 1, 2.152),
(1104, 'stylist', 417, 1, 1.453),
(1105, 'analysi', 417, 1, 0.675),
(1106, 'michael', 418, 1, 2.152),
(1107, 'jackson', 418, 1, 1.675),
(1108, 'struggl', 418, 1, 1.453),
(1109, 'pursu', 418, 1, 2.152),
(1110, 'american', 418, 1, 0.561),
(1111, 'dream', 418, 1, 1.675),
(1112, 'reflect', 418, 1, 0.596),
(1113, 'song', 418, 1, 0.948),
(1114, 'documentari', 418, 1, 1.307),
(1115, 'film', 418, 1, 0.675),
(1116, 'code', 419, 1, 1.307),
(1117, 'switch', 419, 1, 1.851),
(1118, 'mix', 419, 1, 1.374),
(1119, 'us', 419, 1, 0.69),
(1120, 'music', 419, 1, 1.675),
(1121, 'program', 419, 1, 2.152),
(1122, 'breakout', 419, 1, 2.152),
(1123, 'net', 419, 1, 2.152),
(1124, 'tv', 419, 1, 1.851),
(1125, 'sociolinguist', 419, 1, 1.038),
(1126, 'studi', 419, 1, 0.81),
(1127, 'syntact', 420, 1, 1.55),
(1128, 'analysi', 420, 1, 0.675),
(1129, 'noun', 420, 1, 1.675),
(1130, 'phrase', 420, 1, 1.851),
(1131, 'charl', 420, 1, 1.675),
(1132, 'dicken', 420, 1, 2.152),
(1133, 'signal', 420, 1, 2.152),
(1134, 'man', 420, 1, 1.851),
(1135, 'hip', 421, 1, 1.851),
(1136, 'hop', 421, 1, 1.851),
(1137, 'slang', 421, 1, 1.55),
(1138, 'us', 421, 1, 0.69),
(1139, 'wiz', 421, 1, 2.152),
(1140, 'khalifa', 421, 1, 2.152),
(1141, 'song', 421, 1, 0.948),
(1142, 'lyric', 421, 1, 1.073),
(1143, 'sociolinguist', 421, 1, 1.038),
(1144, 'studi', 421, 1, 0.81),
(1145, 'blue', 422, 1, 1.851),
(1146, 'slaveri', 422, 1, 2.152),
(1147, 'experi', 422, 1, 1.851),
(1148, 'seen', 422, 1, 0.661),
(1149, 'song', 422, 1, 0.948),
(1150, 'lyric', 422, 1, 1.073),
(1151, 'three', 422, 1, 1.851),
(1152, 'black', 422, 1, 1.55),
(1153, 'singer', 422, 1, 1.851),
(1154, 'america', 422, 1, 1.851),
(1155, 'racism', 423, 1, 1.851),
(1156, 'repres', 423, 1, 2.152),
(1157, 'donald', 423, 1, 1.851),
(1158, 'trump', 423, 1, 1.374),
(1159, 'polit', 423, 1, 1.307),
(1160, 'speech', 423, 1, 1.198),
(1161, 'critic', 423, 1, 1.374),
(1162, 'discours', 423, 1, 1.55),
(1163, 'analysi', 423, 1, 0.675),
(1164, 'figur', 424, 1, 1.675),
(1165, 'languag', 424, 1, 1.374),
(1166, 'us', 424, 1, 0.69),
(1167, 'kate', 424, 1, 1.851),
(1168, 'chopin', 424, 1, 2.152),
(1169, 'short', 424, 1, 1.307),
(1170, 'stori', 424, 1, 1.307),
(1171, 'stylist', 424, 1, 1.453),
(1172, 'analysi', 424, 1, 0.675),
(1173, 'social', 425, 1, 1.307),
(1174, 'conflict', 425, 1, 1.453),
(1175, 'reflect', 425, 1, 0.596),
(1176, 'stephen', 425, 1, 1.675),
(1177, 'crane', 425, 1, 2.152),
(1178, 'red', 425, 1, 1.851),
(1179, 'badg', 425, 1, 2.152),
(1180, 'courag', 425, 1, 2.152),
(1181, 'middl', 426, 1, 2.152),
(1182, 'class', 426, 1, 1.675),
(1183, 'societi', 426, 1, 1.55),
(1184, 'victorian', 426, 1, 1.851),
(1185, 'era', 426, 1, 1.675),
(1186, 'reflect', 426, 1, 0.596),
(1187, 'pride', 426, 1, 1.851),
(1188, 'prejudic', 426, 1, 1.851),
(1189, 'sociolog', 426, 1, 2.152),
(1190, 'approach', 426, 1, 0.976),
(1191, 'symbol', 427, 1, 1.307),
(1192, 'found', 427, 1, 1.55),
(1193, 'dan', 427, 1, 1.851),
(1194, 'brown', 427, 1, 2.152),
(1195, 'angel', 427, 1, 2.152),
(1196, 'demon', 427, 1, 2.152),
(1197, 'semiot', 427, 1, 1.374),
(1198, 'approach', 427, 1, 0.976),
(1199, 'charact', 428, 1, 0.976),
(1200, 'develop', 428, 1, 1.851),
(1201, 'holli', 428, 2, 2.152),
(1202, 'wood', 428, 2, 2.152),
(1203, 'novel', 428, 1, 1.249),
(1204, 'pictur', 428, 1, 2.152),
(1205, 'discrimin', 429, 1, 2.152),
(1206, 'american', 429, 1, 0.561),
(1207, 'white', 429, 1, 2.152),
(1208, 'rapper', 429, 1, 2.152),
(1209, 'reflect', 429, 1, 0.596),
(1210, 'curti', 429, 1, 2.152),
(1211, 'hanson', 429, 1, 2.152),
(1212, 'film', 429, 1, 0.675),
(1213, '8', 429, 1, 2.152),
(1214, 'mile', 429, 1, 2.152),
(1215, 'code', 430, 1, 1.307),
(1216, 'mix', 430, 1, 1.374),
(1217, 'us', 430, 1, 0.69),
(1218, 'ika', 430, 1, 2.152),
(1219, 'natassa', 430, 1, 2.152),
(1220, 'novel', 430, 1, 1.249),
(1221, 'critic', 430, 1, 1.374),
(1222, 'eleven', 430, 1, 1.851),
(1223, 'sociolinguist', 430, 1, 1.038),
(1224, 'studi', 430, 1, 0.81),
(1225, 'surviv', 431, 1, 1.851),
(1226, 'strategi', 431, 1, 1.675),
(1227, 'main', 431, 1, 1.111),
(1228, 'charact', 431, 1, 0.976),
(1229, 'reflect', 431, 1, 0.596),
(1230, 'knut', 431, 1, 2.152),
(1231, 'hamsun', 431, 1, 2.152),
(1232, 'hunger', 431, 1, 2.152),
(1233, 'psycholog', 431, 1, 1.55),
(1234, 'approach', 431, 1, 0.976),
(1235, 'resist', 432, 1, 1.851),
(1236, 'third', 432, 1, 1.851),
(1237, 'world', 432, 1, 2.152),
(1238, 'women', 432, 1, 1.249),
(1239, 'arundhati', 432, 1, 2.152),
(1240, 'roi', 432, 1, 2.152),
(1241, 'god', 432, 1, 2.152),
(1242, 'small', 432, 1, 2.152),
(1243, 'thing', 432, 1, 2.152),
(1244, 'postcoloni', 432, 1, 2.152),
(1245, 'femin', 432, 1, 1.55),
(1246, 'person', 433, 1, 1.453),
(1247, 'krystal', 433, 1, 2.152),
(1248, 'weedon', 433, 1, 2.152),
(1249, 'j', 433, 1, 2.152),
(1250, 'k', 433, 1, 2.152),
(1251, 'rowl', 433, 1, 2.152),
(1252, 'casual', 433, 1, 2.152),
(1253, 'vacanc', 433, 1, 2.152),
(1254, 'psychoanalysi', 433, 1, 1.851),
(1255, 'studi', 433, 1, 0.81),
(1256, 'horror', 434, 1, 2.152),
(1257, 'effect', 434, 1, 1.851),
(1258, 'depict', 434, 1, 1.851),
(1259, 'perlocutionari', 434, 1, 2.152),
(1260, 'act', 434, 1, 1.55),
(1261, 'shirlei', 434, 1, 1.851),
(1262, 'jackson', 434, 1, 1.675),
(1263, 'lotteri', 434, 1, 2.152),
(1264, 'ladi', 435, 1, 2.152),
(1265, 'gaga', 435, 1, 2.152),
(1266, 'experi', 435, 1, 1.851),
(1267, 'five', 435, 1, 2.152),
(1268, 'song', 435, 1, 0.948),
(1269, 'lyric', 435, 1, 1.073),
(1270, 'seen', 435, 1, 0.661),
(1271, 'album', 435, 1, 1.374),
(1272, 'fame', 435, 1, 2.152),
(1273, 'monster', 435, 1, 1.851),
(1274, 'pragmat', 436, 1, 1.307),
(1275, 'analysi', 436, 1, 0.675),
(1276, 'polit', 436, 1, 1.307),
(1277, 'strategi', 436, 1, 1.675),
(1278, 'us', 436, 1, 0.69),
(1279, 'main', 436, 1, 1.111),
(1280, 'charact', 436, 1, 0.976),
(1281, 'movi', 436, 1, 1.453),
(1282, 'languag', 437, 1, 1.374),
(1283, 'deviat', 437, 1, 2.152),
(1284, 'us', 437, 1, 0.69),
(1285, 'john', 437, 1, 1.453),
(1286, 'steinbeck', 437, 1, 1.675),
(1287, 'grape', 437, 1, 1.851),
(1288, 'wrath', 437, 1, 1.851),
(1289, 'stylist', 437, 1, 1.453),
(1290, 'analysi', 437, 1, 0.675),
(1291, 'human', 438, 1, 1.851),
(1292, 'seen', 438, 1, 0.661),
(1293, 'main', 438, 1, 1.111),
(1294, 'charact', 438, 1, 0.976),
(1295, 'sister', 438, 1, 2.152),
(1296, 'keeper', 438, 1, 2.152),
(1297, 'novel', 438, 1, 1.249),
(1298, 'object', 438, 1, 1.851),
(1299, 'theori', 438, 1, 1.851),
(1300, 'crimin', 439, 1, 2.152),
(1301, 'reflect', 439, 1, 0.596),
(1302, 'american', 439, 1, 0.561),
(1303, 'video', 439, 1, 1.249),
(1304, 'game', 439, 1, 1.374),
(1305, 'languag', 440, 1, 1.374),
(1306, 'disturb', 440, 1, 2.152),
(1307, 'aphasia', 440, 1, 2.152),
(1308, 'seen', 440, 1, 0.661),
(1309, 'youtub', 440, 1, 1.851),
(1310, 'video', 440, 1, 1.249),
(1311, 'dad', 440, 1, 2.152),
(1312, 'late', 440, 1, 2.152),
(1313, 'stage', 440, 1, 2.152),
(1314, 'alzheim', 440, 1, 2.152),
(1315, 'psycholinguist', 440, 1, 2.152),
(1316, 'studi', 440, 1, 0.81),
(1317, 'sociolinguist', 441, 1, 1.038),
(1318, 'analysi', 441, 1, 0.675),
(1319, 'women', 441, 1, 1.249),
(1320, 'languag', 441, 1, 1.374),
(1321, 'featur', 441, 1, 1.851),
(1322, 'richard', 441, 1, 2.152),
(1323, 'nixon', 441, 1, 2.152),
(1324, 'love', 441, 1, 1.851),
(1325, 'letter', 441, 1, 1.851),
(1326, 'conflict', 442, 1, 1.453),
(1327, 'main', 442, 1, 1.111),
(1328, 'charact', 442, 1, 0.976),
(1329, 'reflect', 442, 1, 0.596),
(1330, 'paulo', 442, 1, 1.675),
(1331, 'coelho', 442, 1, 1.851),
(1332, 'veronika', 442, 1, 2.152),
(1333, 'decid', 442, 1, 2.152),
(1334, 'die', 442, 1, 2.152),
(1335, 'object', 442, 1, 1.851),
(1336, 'studi', 442, 1, 0.81);

-- --------------------------------------------------------

--
-- Table structure for table `tugas_akhir`
--

CREATE TABLE `tugas_akhir` (
  `no` varchar(4) NOT NULL,
  `NIM` varchar(20) NOT NULL,
  `nama` varchar(50) NOT NULL,
  `judul_sebelum` varchar(350) NOT NULL,
  `judul` varchar(350) NOT NULL,
  `tanggal_mulai` varchar(50) NOT NULL,
  `semester_mulai` varchar(50) NOT NULL,
  `semester_selesai` varchar(50) NOT NULL,
  `status_ta` varchar(50) NOT NULL,
  `dosen_pembimbing` varchar(100) NOT NULL,
  `nilai` varchar(5) NOT NULL,
  `tanggal_ujian` varchar(50) NOT NULL,
  `dosen_penguji` varchar(40) NOT NULL
) ENGINE=InnoDB DEFAULT CHARSET=latin1;

--
-- Dumping data for table `tugas_akhir`
--

INSERT INTO `tugas_akhir` (`no`, `NIM`, `nama`, `judul_sebelum`, `judul`, `tanggal_mulai`, `semester_mulai`, `semester_selesai`, `status_ta`, `dosen_pembimbing`, `nilai`, `tanggal_ujian`, `dosen_penguji`) VALUES
('301', '12026041', 'ANGGARA GALUH ASTURIAS KERTANEGARA', 'THE STRUGGLE OF JB BERNSTEIN&#039;S AMERICAN DREAM OF SUCCESS REFLECTED IN THE FILM <em>MILLION DOLLAR ARM</em><br />', 'THE STRUGGLE OF JB BERNSTEIN\'S AMERICAN DREAM OF SUCCESS REFLECTED IN THE FILM MILLION DOLLAR     ARM', '12-12-2017', 'Gasal 2017', 'Gasal 2018', 'LULUS', 'Dr. Didik Murwantono,M.Hum', 'B+', '29-10-2018', 'Drs. NIZAM AHSANI, M.Hum., Dr. Didik Mur'),
('302', '12026042', 'MARATUS SHALIHAH', 'THE POWER OF AMERICAN HEGEMONY AS SEEN IN THE SCIENCE FICTION FILM <em>TRANSFORMERS DARK OF THE MOON</em>', 'THE POWER OF AMERICAN HEGEMONY AS SEEN IN THE SCIENCE FICTION FILM TRANSFORMERS DARK OF THE MOON', '25-04-2016', 'Genap 2015', 'Gasal 2016', 'LULUS', 'ULAYA AHDIANI, S.S., M.Hum.', 'B', '27-12-2016', 'Drs. NIZAM AHSANI, M.Hum., ULAYA AHDIANI'),
('303', '12026043', 'FIRMANSYAH', 'JAVANESE SOCIAL CLASS AND CONFLICTS IN 1960&#39;s-1990&#39;s AS DEPICTED IN OKKY MADASARI&#39;S <em>THE YEARS OF THE VOICELESS</em><br />', 'JAVANESE SOCIAL CLASS AND CONFLICTS IN 1960\'s-1990\'s AS DEPICTED IN OKKY MADASARI\'S THE YEARS OF THE VOICELESS', '16-12-2015', 'Gasal 2015', 'Genap 2015', 'LULUS', 'IDA PUSPITA, S.S.,M.A.Res.', 'A', '28-06-2016', 'ULAYA AHDIANI, S.S., M.Hum., TRI RINA BU'),
('304', '12026046', 'ADIB MIRZA KHANIFAN', 'THE PUNK MUSICIANS&#39; SOCIAL MOVEMENT AROUND THE 70&#39;S AGAINST AMERICAN CAPITALISM RELECTED IN &quot;<em>CBGB</em>&quot; FILM<br />', 'THE PUNK MUSICIANS\' SOCIAL MOVEMENT AROUND THE 70\'S AGAINST AMERICAN CAPITALISM RELECTED IN \"CBGB\" FILM', '11-04-2016', 'Genap 2015', 'Gasal 2016', 'LULUS', 'Dr. Didik Murwantono,M.Hum', 'B', '23-12-2016', 'Dr. Didik Murwantono,M.Hum, ULAYA AHDIAN'),
('305', '12026048', 'MUHAMMAD RIFQI RIHZA RAHMAN', 'HIPPIES AS AMERICAN COUNTER CULTURE AS REFLECTED IN THE FILM <em>TAKING WOODSTOCK</em><br />', 'HIPPIES AS AMERICAN COUNTER CULTURE AS REFLECTED IN THE FILM TAKING WOODSTOCK', '28-03-2016', 'Genap 2015', 'Genap 2015', 'LULUS', 'ULAYA AHDIANI, S.S., M.Hum.', 'A', '22-07-2016', 'Drs. NIZAM AHSANI, M.Hum., Dr. Didik Mur'),
('306', '12026050', 'AHDI SAKHA HAMIDAN', 'FEMINIST VALUES AS REFLECTED IN THE<em> </em>FILM <em>THE PUNK SINGER </em><br />', 'FEMINIST VALUES AS REFLECTED IN THE FILM THE PUNK SINGER ', '31-05-2016', 'Genap 2015', 'Gasal 2016', 'LULUS', 'ULAYA AHDIANI, S.S., M.Hum.', 'A', '23-09-2016', 'Drs. NIZAM AHSANI, M.Hum., ULAYA AHDIANI'),
('307', '12026051', 'RIZKI NUR AFIDAH', 'DENOTATIVE AND CONNOTATIVE MEANING IN <em>BRING ME THE HORIZON </em>LYRICS IN <em>THAT&#39;S THE SPIRIT </em>ALBUM: SEMANTIC ANALYSIS', 'DENOTATIVE AND CONNOTATIVE MEANING IN BRING ME THE HORIZON LYRICS IN THAT\'S THE SPIRIT ALBUM: SEMANTIC ANALYSIS', '26-09-2016', 'Gasal 2016', 'Gasal 2016', 'LULUS', 'TRI RINA BUDIWATI, S.S., M.Hum', 'A', '05-01-2017', 'Dwi Santoso, TRI RINA BUDIWATI, S.S., M.'),
('308', '12026052', 'HASAN BASRI', 'SOCIAL CONDITION OF JAPANESE GEISHA AS REFLECTED IN SHORT STORY <em>MADAM BUTTERFLY </em>BY JHON LUTHER LONG<br />', 'SOCIAL CONDITION OF JAPANESE GEISHA AS REFLECTED IN SHORT STORY MADAM BUTTERFLY BY JHON LUTHER LONG', '17-03-2017', 'Genap 2016', 'Gasal 2018', 'LULUS', 'ULAYA AHDIANI, S.S., M.Hum.', '', '26-10-2018', 'IDA PUSPITA, S.S.,M.A.Res., ULAYA AHDIAN'),
('309', '12026054', 'BAYU MAYHERTANTO', 'AMERICAN EXCEPTIONALISM TOWARD AMERICAN INVASION TO AFGHANISTAN DURING &quot;OPERATION RED WINGS&quot; AS REFLECTED IN THE FILM <em>LONE SURVIVOR</em><br />', 'AMERICAN EXCEPTIONALISM TOWARD AMERICAN INVASION TO AFGHANISTAN DURING \"OPERATION RED WINGS\" AS REFLECTED IN THE FILM LONE SURVIVOR', '11-04-2016', 'Genap 2015', 'Genap 2016', 'LULUS', 'Dr. Didik Murwantono,M.Hum', 'B+', '03-02-2017', 'Drs. NIZAM AHSANI, M.Hum., Dr. Didik Mur'),
('310', '12126012', 'SAAT SANTOSO', 'SOCIAL CLASS IN VICTORIAN ERA AS REFLECTED ON H.G. WELLS NOVEL <em>TIME MACHINE</em><br />', 'SOCIAL CLASS IN VICTORIAN ERA AS REFLECTED ON H.G. WELLS NOVEL TIME MACHINE', '13-04-2015', 'Genap 2014', '', 'SEDANG DIKERJAKAN', 'IDA PUSPITA, S.S.,M.A.Res.', '', '', ''),
('311', '12126022', 'IKA YULIANA', 'TOTTO-CHAN&#39;S CHARACTERISTICS IN KUROYANAGI TETSUKO&#39;S NOVEL ENTITLED <em>TOTTO-CHAN: THE LITTLE GIRL AT THE WINDOW</em>', 'TOTTO-CHAN\'S CHARACTERISTICS IN KUROYANAGI TETSUKO\'S NOVEL ENTITLED TOTTO-CHAN: THE LITTLE GIRL AT THE WINDOW', '20-04-2017', 'Genap 2016', 'Genap 2017', 'LULUS', 'ULAYA AHDIANI, S.S., M.Hum.', 'B+', '27-11-2017', 'ULAYA AHDIANI, S.S., M.Hum., TRI RINA BU'),
('312', '12126045', 'FAUZI AKBAR', 'VIOLATION TOWARD THE CHILDREN&#39;S CHARACTER IN ENGLAND AS SEEN IN CONSTANCE BRISCOE&#39;S <em>UGLY</em> (1966)', 'VIOLATION TOWARD THE CHILDREN\'S CHARACTER IN ENGLAND AS SEEN IN CONSTANCE BRISCOE\'S UGLY (1966)', '25-05-2015', 'Genap 2014', 'Gasal 2015', 'LULUS', 'ULAYA AHDIANI, S.S., M.Hum.', 'B', '02-07-2015', 'ULAYA AHDIANI, S.S., M.Hum., TRI RINA BU'),
('313', '12B26044', 'WAHYU DEWANTI', 'THE FLOUTING OF MAXIMS AND IMPLICATURE ON MEME POSTED ON <em>8DICT.TUMBLR.COM</em>: PRAGMATIC ANALYSIS<br />', 'THE FLOUTING OF MAXIMS AND IMPLICATURE ON MEME POSTED ON 8DICT.TUMBLR.COM: PRAGMATIC ANALYSIS', '26-09-2016', 'Gasal 2016', 'Gasal 2016', 'LULUS', 'TRI RINA BUDIWATI, S.S., M.Hum', 'A', '18-11-2016', 'Dwi Santoso, TRI RINA BUDIWATI, S.S., M.'),
('314', '12B26047', 'ELLA YUSSY DWI ASTUTI', 'A SYNTACTIC ANALYSIS OF NOUN CLAUSE IN &quot;OPINION COLUMN&quot; OF <em>THE TIMES </em>NEWSPAPER', 'A SYNTACTIC ANALYSIS OF NOUN CLAUSE IN \"OPINION COLUMN\" OF THE TIMES NEWSPAPER', '25-04-2016', 'Genap 2015', 'Genap 2015', 'LULUS', 'Drs. MAFTUKHIN, M.Hum.', 'A', '20-06-2016', 'Drs. MAFTUKHIN, M.Hum., Drs.Japen Sarage'),
('315', '1300026001', 'NUR FITRAH KUSUMANINGRUM', 'THE IMPACT OF DIVORCE ON THE MAIN MALE CHARACTER, STEVE MILLER, AS REFLECTED IN NICHOLAS SPARKS&#39;S <em>THE LAST SONG</em><br />', 'THE IMPACT OF DIVORCE ON THE MAIN MALE CHARACTER, STEVE MILLER, AS REFLECTED IN NICHOLAS SPARKS\'S THE LAST SONG', '25-04-2017', 'Genap 2016', 'Gasal 2017', 'LULUS', 'ULAYA AHDIANI, S.S., M.Hum.', 'A', '26-08-2017', 'TRI RINA BUDIWATI, S.S., M.Hum, Dra. ANI'),
('316', '1300026002', 'ESTI SUBEKTI', 'VERBAL AND NON VERBAL SYMBOLS FOUND IN ANTONIO FEDERICI GELATO ITALIANO&#39;S ICE CREAM ADVERTISEMENT: A SEMIOTIC ANALYSIS<br />', 'VERBAL AND NON VERBAL SYMBOLS FOUND IN ANTONIO FEDERICI GELATO ITALIANO\'S ICE CREAM ADVERTISEMENT: A SEMIOTIC ANALYSIS', '05-11-2016', 'Gasal 2016', 'Genap 2016', 'LULUS', 'TRI RINA BUDIWATI, S.S., M.Hum', 'A', '06-06-2017', 'Dwi Santoso, TRI RINA BUDIWATI, S.S., M.'),
('317', '1300026003', 'OLIVIA ROZA RAHMAWATI', 'SUBPRIME MORTGAGE IN AMERICA AS SEEN IN THE FILM <em>THE BIG SHORT</em><br />', 'SUBPRIME MORTGAGE IN AMERICA AS SEEN IN THE FILM THE BIG SHORT', '29-03-2017', 'Genap 2016', 'Genap 2017', 'LULUS', 'Dr. Didik Murwantono,M.Hum', '', '04-05-2018', 'Dr. Didik Murwantono,M.Hum, ULAYA AHDIAN'),
('318', '1300026004', 'PRATOMO NURHANDOKO', 'THE USE OF BLENDING WORD FORMATION IN BRANDING: A MORPHOSEMANTIC APPROACH<br />', 'THE USE OF BLENDING WORD FORMATION IN BRANDING: A MORPHOSEMANTIC APPROACH', '03-04-2017', 'Genap 2016', 'Gasal 2017', 'LULUS', 'Drs. MAFTUKHIN, M.Hum.', 'A', '14-08-2017', 'Drs. MAFTUKHIN, M.Hum., Drs.Japen Sarage'),
('319', '1300026006', 'ANISA PUSPARIAWAN', 'MALCOLM X&#39;S PERSONAL TRANSFORMATION AS REFLECTED IN THE FILM <em>MALCOLM X</em><br />', 'MALCOLM X\'S PERSONAL TRANSFORMATION AS REFLECTED IN THE FILM MALCOLM X', '17-10-2017', 'Gasal 2017', 'Genap 2017', 'LULUS', 'Drs. NIZAM AHSANI, M.Hum.', '', '13-04-2018', 'ULAYA AHDIANI, S.S., M.Hum., Dra. ANI WI'),
('320', '1300026007', 'BAHRONI', 'HUMANISM AS SEEN IN THE LANGUAGE OF BOB MARLEY&#39;S SONG LYRICS: A CRITICAL DISCOURSE ANALYSIS<br />', 'HUMANISM AS SEEN IN THE LANGUAGE OF BOB MARLEY\'S SONG LYRICS: A CRITICAL DISCOURSE ANALYSIS', '20-10-2017', 'Gasal 2017', 'Genap 2017', 'LULUS', 'TRI RINA BUDIWATI, S.S., M.Hum', 'A', '06-02-2018', 'Dwi Santoso, TRI RINA BUDIWATI, S.S., M.'),
('321', '1300026009', 'ADE PURWANTO', 'THE IMPACTS OF TRUMP&#39;S SPEECHES IN AMERICAN PRESIDENTIAL CAMPAIGN OF 2016 TOWARD MUSLIM IDENTITY AS SEEN IN DOCUMENTARY VIDEOS', 'THE IMPACTS OF TRUMP\'S SPEECHES IN AMERICAN PRESIDENTIAL CAMPAIGN OF 2016 TOWARD MUSLIM IDENTITY AS SEEN IN DOCUMENTARY VIDEOS', '10-04-2017', 'Genap 2016', 'Genap 2017', 'LULUS', 'Dr. Didik Murwantono,M.Hum', 'B+', '26-01-2018', 'Dr. Didik Murwantono,M.Hum, Dra. ANI WIN'),
('322', '1300026010', 'TYAS AYUNING DEWI PUSPITASARI', 'JAMES WHITEY BULGER&#39;S MOTIVATIONS OF COMMITTING CRIMES AS REFLECTED IN THE FILM <em>BLACK MASS</em> <br />', 'JAMES WHITEY BULGER\'S MOTIVATIONS OF COMMITTING CRIMES AS REFLECTED IN THE FILM BLACK MASS ', '09-05-2017', 'Genap 2016', 'Gasal 2017', 'LULUS', 'Drs. NIZAM AHSANI, M.Hum.', 'A-', '05-10-2017', 'ULAYA AHDIANI, S.S., M.Hum., Dra. ANI WI'),
('323', '1300026011', 'SRI PURNAWATI', 'THE IMPACTS OF FAMILY CONFLICTS ON CHILDREN BEHAVIORS AS REFLECTED IN THE FILM <em>AMERICAN BEAUTY</em>', 'THE IMPACTS OF FAMILY CONFLICTS ON CHILDREN BEHAVIORS AS REFLECTED IN THE FILM AMERICAN BEAUTY', '27-03-2017', 'Genap 2016', 'Gasal 2017', 'LULUS', 'ULAYA AHDIANI, S.S., M.Hum.', 'B+', '09-11-2017', 'ULAYA AHDIANI, S.S., M.Hum., Dra. ANI WI'),
('324', '1300026012', 'MUHAMMAD AUDI AGUNG PERMANA', 'SCHOOL BULLYING AS SEEN IN THE VIDEO GAME B<em>ULLY SCHOLARSHIP EDITION</em>', 'SCHOOL BULLYING AS SEEN IN THE VIDEO GAME BULLY SCHOLARSHIP EDITION', '29-04-2017', 'Genap 2016', 'Gasal 2017', 'LULUS', 'Dra. ANI WINDARTI, M.Hum.', 'A', '25-08-2017', 'TRI RINA BUDIWATI, S.S., M.Hum, Dra. ANI'),
('325', '1300026014', 'SUCI FEBRIYANI', 'THE PERSONALITY OF NOMBEKO MAYEKI AS REFLECTED IN JONAS JONASSON&#39;S <em>THE GIRL WHO SAVED THE KING OF SWEDEN</em>: A PSYCHOLOGICAL APRROACH', 'THE PERSONALITY OF NOMBEKO MAYEKI AS REFLECTED IN JONAS JONASSON\'S THE GIRL WHO SAVED THE KING OF SWEDEN: A PSYCHOLOGICAL APRROACH', '31-05-2017', 'Genap 2016', 'Gasal 2017', 'LULUS', 'ULAYA AHDIANI, S.S., M.Hum.', '', '27-10-2017', 'ULAYA AHDIANI, S.S., M.Hum., TRI RINA BU'),
('326', '1300026015', 'WULANSARI .F', 'WOMEN AS BEAUTY MYTH IN MAROON 5&#39;S VIDEO CLIPS', 'WOMEN AS BEAUTY MYTH IN MAROON 5\'S VIDEO CLIPS', '14-03-2017', 'Genap 2016', 'Gasal 2017', 'LULUS', 'ULAYA AHDIANI, S.S., M.Hum.', 'B', '06-11-2017', 'ULAYA AHDIANI, S.S., M.Hum., Dra. ANI WI'),
('327', '1300026022', 'GEA AULIA RACHMAWATI', 'WOMEN EMPOWERMENT AS SEEN IN NOVEL <em>THE SURVIVORS CLUBS</em><br />', 'WOMEN EMPOWERMENT AS SEEN IN NOVEL THE SURVIVORS CLUBS', '10-04-2017', 'Genap 2016', 'Genap 2017', 'LULUS', 'ULAYA AHDIANI, S.S., M.Hum.', '', '04-05-2018', 'Dra. ANI WINDARTI, M.Hum., Dr. Didik Mur'),
('328', '1300026023', 'SUGIATI SAHYU', 'AMERICAN PROPAGANDA IN AFGHANISTAN WAR AS REFLECTED IN <em>LONE</em><em> SURVIVOR </em>FILM<br />', 'AMERICAN PROPAGANDA IN AFGHANISTAN WAR AS REFLECTED IN LONE SURVIVOR FILM', '04-04-2017', 'Genap 2016', 'Genap 2017', 'LULUS', 'Drs. NIZAM AHSANI, M.Hum.', 'B+', '09-02-2018', 'Drs. NIZAM AHSANI, M.Hum., Dr. Didik Mur'),
('329', '1300026024', 'WIDYA GANEVA NINGSIH', 'THE FEMINIST QUALITIES OF AMERICAN <em>VOGUE </em>COVER MODELS <br />', 'THE FEMINIST QUALITIES OF AMERICAN VOGUE COVER MODELS ', '28-04-2017', 'Genap 2016', 'Gasal 2017', 'LULUS', 'Dra. ANI WINDARTI, M.Hum.', 'A', '25-08-2017', 'ULAYA AHDIANI, S.S., M.Hum., TRI RINA BU'),
('330', '1300026025', 'GARNIS LISTIYANI', 'THE EXPRESSION OF PROTEST TOWARD THE VIETNAM WAR AS SEEN IN MARVIN GAYE&#39;S SONG LYRICS', 'THE EXPRESSION OF PROTEST TOWARD THE VIETNAM WAR AS SEEN IN MARVIN GAYE\'S SONG LYRICS', '04-04-2017', 'Genap 2016', 'Gasal 2017', 'LULUS', 'Drs. NIZAM AHSANI, M.Hum.', '', '08-12-2017', 'Drs. NIZAM AHSANI, M.Hum., Dr. Didik Mur'),
('331', '1300026026', 'NABILLA AFFILLIA CHITA SAFARA', 'THE PORTRAYAL OF AMERICAN INVESTIGATIVE JOURNALISM AS SEEN IN THE FILM <em>KILL THE MESSENGER</em><br />', 'THE PORTRAYAL OF AMERICAN INVESTIGATIVE JOURNALISM AS SEEN IN THE FILM KILL THE MESSENGER', '16-05-2017', 'Genap 2016', 'Gasal 2017', 'LULUS', 'Dra. ANI WINDARTI, M.Hum.', 'A', '10-11-2017', 'ULAYA AHDIANI, S.S., M.Hum., Dra. ANI WI'),
('332', '1300026027', 'RIZKY PRIMA OKTORA', 'HIGHSCHOOL BULLYING AS REFLECTED IN THE WEB SERIES MOVIE <em>13 REASONS WHY</em><br />', 'HIGHSCHOOL BULLYING AS REFLECTED IN THE WEB SERIES MOVIE 13 REASONS WHY', '08-05-2017', 'Genap 2016', 'Gasal 2017', 'LULUS', 'Dra. ANI WINDARTI, M.Hum.', 'A-', '10-11-2017', 'ULAYA AHDIANI, S.S., M.Hum., Dra. ANI WI'),
('333', '1300026028', 'DEDY KURNIAWAN', 'A POTRAYAL OF THE AMERICAN NATIONAL SECURITY AWARENESS TOWARD TERRORISM AS SEEN IN A <em>BATTLEFIELD 3 </em>VIDEO GAME', 'A POTRAYAL OF THE AMERICAN NATIONAL SECURITY AWARENESS TOWARD TERRORISM AS SEEN IN A BATTLEFIELD 3 VIDEO GAME', '09-04-2018', 'Genap 2017', 'Gasal 2018', 'LULUS', 'Dr. Didik Murwantono,M.Hum', '', '14-12-2018', 'Drs. NIZAM AHSANI, M.Hum., Dr. Didik Mur'),
('334', '1300026029', 'FIRSTYA PERLITA RAISSA', 'SPEECH ACTS AS SEEN ON WEBTOON <em>HIP HOP MONSTER</em> : A PRAGMATIC STUDY<br />', 'SPEECH ACTS AS SEEN ON WEBTOON HIP HOP MONSTER : A PRAGMATIC STUDY', '15-10-2016', 'Gasal 2016', 'Genap 2016', 'LULUS', 'TRI RINA BUDIWATI, S.S., M.Hum', 'A', '06-06-2017', 'Dwi Santoso, TRI RINA BUDIWATI, S.S., M.'),
('335', '1300026030', 'FARA DEWI TAWAINELLA', 'THE WORLDVIEW OF OKKY MADASARI IN <em>THE OUTCAST</em>: A GENETIC STRUCTURALISM APPROACH<br />', 'THE WORLDVIEW OF OKKY MADASARI IN THE OUTCAST: A GENETIC STRUCTURALISM APPROACH', '24-05-2017', 'Genap 2016', 'Gasal 2017', 'LULUS', 'IDA PUSPITA, S.S.,M.A.Res.', '', '02-10-2017', 'TRI RINA BUDIWATI, S.S., M.Hum, IDA PUSP'),
('336', '1300026031', 'MASRURIATI KHAIRIAH', 'LOUIS ZAMPERINI&#39;S AMERICAN DREAMS AS REFLECTED IN THE FILM <em>UNBROKEN</em><br />', 'LOUIS ZAMPERINI\'S AMERICAN DREAMS AS REFLECTED IN THE FILM UNBROKEN', '13-01-2017', 'Genap 2016', 'Gasal 2017', 'LULUS', 'ULAYA AHDIANI, S.S., M.Hum.', 'B+', '26-08-2017', 'ULAYA AHDIANI, S.S., M.Hum., Dra. ANI WI'),
('337', '1300026032', 'DYAH NURULLITA', 'VIOLATION OF JUSTICE IN AMERICAN POLICE DEPARTMENT AS REFLECTED IN THE FILM <em>CHANGELING</em><br />', 'VIOLATION OF JUSTICE IN AMERICAN POLICE DEPARTMENT AS REFLECTED IN THE FILM CHANGELING', '05-03-2018', 'Genap 2017', 'Gasal 2018', 'LULUS', 'ULAYA AHDIANI, S.S., M.Hum.', '', '09-11-2018', 'ULAYA AHDIANI, S.S., M.Hum., Dra. ANI WI'),
('338', '1300026033', 'MAHENDRI DWI JAYANTI', 'LIBERAL FEMINISM IN AMERICAN POLITICAL SYSTEM AS SEEN IN THE FILM <em>MISS SLOANE</em><br />', 'LIBERAL FEMINISM IN AMERICAN POLITICAL SYSTEM AS SEEN IN THE FILM MISS SLOANE', '08-05-2017', 'Genap 2016', 'Gasal 2017', 'LULUS', 'Dra. ANI WINDARTI, M.Hum.', 'B+', '29-12-2017', 'Dra. ANI WINDARTI, M.Hum., Drs. NIZAM AH'),
('339', '1300026037', 'FITRI FEBRIYANTI', 'THE IMPACTS OF GUN OWNERSHIP LEGALITY ON AMERICAN SOCIETY AS SEEN IN THE DOCUMENTARY FILM&nbsp; <em>BOWLING FOR COLUMBINE</em> <br />', 'THE IMPACTS OF GUN OWNERSHIP LEGALITY ON AMERICAN SOCIETY AS SEEN IN THE DOCUMENTARY FILM BOWLING FOR COLUMBINE ', '04-04-2017', 'Genap 2016', 'Gasal 2017', 'LULUS', 'Drs. NIZAM AHSANI, M.Hum.', '', '29-09-2017', 'ULAYA AHDIANI, S.S., M.Hum., Dra. ANI WI'),
('340', '1300026039', 'RATIH KUMALA DEWI', 'THE MOTIVATION OF MAIN CHARACTER TO SURVIVE AS REFLECTED IN H. DE VERE STACPOOLE&#39;S <em>THE BLUE LAGOON</em>: A PSYCHOLOGICAL APPROACH', 'THE MOTIVATION OF MAIN CHARACTER TO SURVIVE AS REFLECTED IN H. DE VERE STACPOOLE\'S THE BLUE LAGOON: A PSYCHOLOGICAL APPROACH', '07-06-2017', 'Gasal 2017', 'Gasal 2018', 'LULUS', 'IDA PUSPITA, S.S.,M.A.Res.', '', '25-01-2019', 'ULAYA AHDIANI, S.S., M.Hum., WAJIRAN, S.'),
('341', '1300026040', 'METHA RIAS KARUNIA', 'THE AMERICAN LIFESTYLES IN MODERN SOCIETY AS REFLECTED IN THE FILM <em>FAST FURIOUS 5</em>', 'THE AMERICAN LIFESTYLES IN MODERN SOCIETY AS REFLECTED IN THE FILM FAST FURIOUS 5', '07-11-2017', 'Gasal 2017', 'Genap 2017', 'LULUS', 'ULAYA AHDIANI, S.S., M.Hum.', '', '09-06-2018', 'ULAYA AHDIANI, S.S., M.Hum., Dra. ANI WI'),
('342', '1300026045', 'MAULINA ASTUTY', 'CONSPIRACY IN AMERICAN POLITICS AS SEEN IN THE FILM <em>WAG THE DOG</em><br />', 'CONSPIRACY IN AMERICAN POLITICS AS SEEN IN THE FILM WAG THE DOG', '28-04-2017', 'Genap 2016', 'Gasal 2017', 'LULUS', 'Dra. ANI WINDARTI, M.Hum.', 'A', '29-12-2017', 'ULAYA AHDIANI, S.S., M.Hum., Dra. ANI WI'),
('343', '1300026046', 'LALU BINTANG WAHYU PUTRA', 'THE SOCIAL CONDITION IN TSAR NICHOLAS II ERA AS REFLECTED IN MAXIM GORKY&#39;S <em>THE LIFE OF USELESS MAN</em>', 'THE SOCIAL CONDITION IN TSAR NICHOLAS II ERA AS REFLECTED IN MAXIM GORKY\'S THE LIFE OF USELESS MAN', '12-03-2018', 'Genap 2017', 'Genap 2017', 'LULUS', 'ULAYA AHDIANI, S.S., M.Hum.', '', '06-07-2018', 'IDA PUSPITA, S.S.,M.A.Res., ULAYA AHDIAN'),
('344', '1300026048', 'BELLA SAKTI P', 'THE PORTRAYAL OF INJUSTICE IN AMERICAN PRISON AS REFLECTED IN THE FILM <em>THE SHAWSHANK REDEMPTION</em>', 'THE PORTRAYAL OF INJUSTICE IN AMERICAN PRISON AS REFLECTED IN THE FILM THE SHAWSHANK REDEMPTION', '10-04-2017', 'Genap 2016', 'Gasal 2017', 'LULUS', 'Dr. Didik Murwantono,M.Hum', 'A-', '24-08-2017', 'Dr. Didik Murwantono,M.Hum, ULAYA AHDIAN'),
('345', '1300026050', 'IZZUL FIKRI', 'THE LOYALTY OF AMERICAN CITIZENS IN DEFENDING THEIR NATION AS REFLECTED IN THE FILM <em>OLYMPUS HAS FALLEN</em><br />', 'THE LOYALTY OF AMERICAN CITIZENS IN DEFENDING THEIR NATION AS REFLECTED IN THE FILM OLYMPUS HAS FALLEN', '06-11-2017', 'Gasal 2017', 'Genap 2017', 'LULUS', 'Drs. NIZAM AHSANI, M.Hum.', '', '09-06-2018', 'ULAYA AHDIANI, S.S., M.Hum., Dra. ANI WI'),
('346', '1300026051', 'RAHMAD ALFATIH', 'CRITICISM TOWARD AMERICAN SUPERIORITY IN THE DOCUMENTARY FILM <em>WHERE TO INVADE NEXT</em><br />', 'CRITICISM TOWARD AMERICAN SUPERIORITY IN THE DOCUMENTARY FILM WHERE TO INVADE NEXT', '17-05-2017', 'Genap 2016', 'Genap 2017', 'LULUS', 'Dr. Didik Murwantono,M.Hum', 'A-', '12-01-2018', 'Dr. Didik Murwantono,M.Hum, Dra. ANI WIN'),
('347', '1300026052', 'PANDU WIGUNA RESTU', 'A REPRESENTATION OF AMERICAN HEGEMONY TOWARD MUSLIMS PEOPLE IN SOMALIA AS SEEN IN <em>FILM BLACK HAWK DOWN</em><br />', 'A REPRESENTATION OF AMERICAN HEGEMONY TOWARD MUSLIMS PEOPLE IN SOMALIA AS SEEN IN FILM BLACK HAWK DOWN', '', 'Genap 2016', '', 'SEDANG DIKERJAKAN', 'Dr. Didik Murwantono,M.Hum', '', '', ''),
('348', '1300026053', 'ASI IMANIARSIH', 'THE CAMPAIGN STRATEGIES OF JOHN MCCAIN IN AMERICAN PRESIDENTIAL ELECTION OF 2008 AS SEEN IN THE TELEFILM <em>GAME CHANGE</em><br />', 'THE CAMPAIGN STRATEGIES OF JOHN MCCAIN IN AMERICAN PRESIDENTIAL ELECTION OF 2008 AS SEEN IN THE TELEFILM GAME CHANGE', '17-04-2017', 'Genap 2016', 'Gasal 2017', 'LULUS', 'Dr. Didik Murwantono,M.Hum', '', '04-10-2017', 'Dr. Didik Murwantono,M.Hum, ULAYA AHDIAN'),
('349', '1300026054', 'HARDANISA KUMARATRI', 'THE POST TRAUMATIC STRESS DISORDER OF THE MAIN CHARACTER CHARLIE AS REFLECTED IN STEPHEN CHBOSKY <em>THE PERKS OF BEING A WALLFLOWER </em>: A PSYCHOLOGICAL APRROACH<em> </em><br />', 'THE POST TRAUMATIC STRESS DISORDER OF THE MAIN CHARACTER CHARLIE AS REFLECTED IN STEPHEN CHBOSKY THE PERKS OF BEING A WALLFLOWER : A PSYCHOLOGICAL APRROACH ', '16-09-2016', 'Gasal 2016', '', 'SEDANG DIKERJAKAN', 'ULAYA AHDIANI, S.S., M.Hum.', '', '', ''),
('350', '1300026055', 'SHARAVINA DELANI', 'AMERICAN MANIPULATIVE LEADERSHIP AND THE EFFECT TOWARDS ITS SUBORDINATE AS PORTRAYED IN ORSON SCOTT CARD&#39;S NOVEL <em>ENDER&#39;S GAME</em><br />', 'AMERICAN MANIPULATIVE LEADERSHIP AND THE EFFECT TOWARDS ITS SUBORDINATE AS PORTRAYED IN ORSON SCOTT CARD\'S NOVEL ENDER\'S GAME', '25-05-2017', 'Genap 2016', 'Gasal 2017', 'LULUS', 'Drs. NIZAM AHSANI, M.Hum.', '', '22-09-2017', 'Dr. Didik Murwantono,M.Hum, ULAYA AHDIAN'),
('351', '1300026056', 'RISNA ERWI OCTAVIA', 'SYMBOLS OF AMERICAN CULTURAL VALUES IN THE FILM <em>DIVERGENT</em><br />', 'SYMBOLS OF AMERICAN CULTURAL VALUES IN THE FILM DIVERGENT', '10-04-2017', 'Genap 2016', 'Gasal 2017', 'LULUS', 'Dr. Didik Murwantono,M.Hum', 'A', '24-08-2017', 'Dr. Didik Murwantono,M.Hum, ULAYA AHDIAN'),
('352', '1300026057', 'ISTIARA WIDANINGRUM', 'A SOCIOLINGUISTIC STUDY ON CODE SWITCHING USED IN THE THIRD ALBUM <em>HIGHLIGHT </em>BY BEAST<br />', 'A SOCIOLINGUISTIC STUDY ON CODE SWITCHING USED IN THE THIRD ALBUM HIGHLIGHT BY BEAST', '31-10-2016', 'Gasal 2016', 'Genap 2016', 'LULUS', 'TRI RINA BUDIWATI, S.S., M.Hum', 'A', '07-06-2017', 'Drs. MAFTUKHIN, M.Hum., Drs.Japen Sarage'),
('353', '1300026059', 'RISKI ADAM MAULANA', 'SLANG WORDS USED IN <em>CENTRAL INTELLIGENCE </em>MOVIE: SOCIOLINGUISTIC APPROACH', 'SLANG WORDS USED IN CENTRAL INTELLIGENCE MOVIE: SOCIOLINGUISTIC APPROACH', '20-10-2017', 'Genap 2016', 'Gasal 2017', 'LULUS', 'Drs. MAFTUKHIN, M.Hum.', '', '20-10-2017', 'Dwi Santoso, TRI RINA BUDIWATI, S.S., M.'),
('354', '1300026060', 'KHONSA KHOLILA', 'A DISCOURSE ANALYSIS ON SHIRLEY JACKSON&#39;S SHORT STORY &quot;CHARLES&quot; <br />', 'A DISCOURSE ANALYSIS ON SHIRLEY JACKSON\'S SHORT STORY \"CHARLES\" ', '16-05-2017', 'Genap 2016', 'Genap 2017', 'LULUS', 'TRI RINA BUDIWATI, S.S., M.Hum', 'A', '30-01-2018', 'Drs. MAFTUKHIN, M.Hum., Dwi Santoso, TRI'),
('355', '1300026061', 'WIWIK TRISNAWATI', 'THE IMPACTS OF AMERICAN PRESIDENTIAL CONFLICTS ON PRESIDENTIAL ELECTION AS REFLECTED IN THE FILM<em> THE AMERICAN PRESIDENT</em>', 'THE IMPACTS OF AMERICAN PRESIDENTIAL CONFLICTS ON PRESIDENTIAL ELECTION AS REFLECTED IN THE FILM THE AMERICAN PRESIDENT', '29-03-2017', 'Genap 2016', 'Gasal 2017', 'LULUS', 'Dr. Didik Murwantono,M.Hum', '', '04-10-2017', 'Dr. Didik Murwantono,M.Hum, ULAYA AHDIAN'),
('356', '1306026062', 'ABBAS HIMMAN', 'THE USE OF SLANG IN EMINEM&#39;S SONG LYRICS : SOCIOLINGUISTIC STUDY<br />', 'THE USE OF SLANG IN EMINEM\'S SONG LYRICS : SOCIOLINGUISTIC STUDY', '09-04-2018', 'Genap 2017', 'Gasal 2018', 'LULUS', 'TRI RINA BUDIWATI, S.S., M.Hum', '', '15-10-2018', 'Ajar Pradika Ananta Tur,S.S.,M.A, Drs. M'),
('357', '1306026063', 'ARISA CHANLIMAT', 'A SEMANTIC STUDY ON LEXICAL AND CONTEXTUAL MEANING IN AVRIL LAVIGNE&#39;S SONGS', 'A SEMANTIC STUDY ON LEXICAL AND CONTEXTUAL MEANING IN AVRIL LAVIGNE\'S SONGS', '21-11-2017', 'Gasal 2017', 'Genap 2017', 'LULUS', 'TRI RINA BUDIWATI, S.S., M.Hum', 'A', '06-01-2018', 'Dwi Santoso, TRI RINA BUDIWATI, S.S., M.'),
('358', '1306026064', 'ADUN SUTRA', 'LEXICAL AND CONTEXTUAL MEANING IN THE ENGLISH TRANSLATION OF SURAH AL FATIHAH: A SEMANTIC STUDY', 'LEXICAL AND CONTEXTUAL MEANING IN THE ENGLISH TRANSLATION OF SURAH AL FATIHAH: A SEMANTIC STUDY', '24-09-2018', 'Gasal 2018', 'Gasal 2018', 'LULUS', 'TRI RINA BUDIWATI, S.S., M.Hum', '', '13-12-2018', 'TRI RINA BUDIWATI, S.S., M.Hum, Ajar Pra'),
('359', '1306026065', 'DONSUN NUDTONG', 'METAPHORICAL MEANING USED IN JASON MRAZ&#39;S SONG LYRICS: A SEMANTIC STUDY<br />', 'METAPHORICAL MEANING USED IN JASON MRAZ\'S SONG LYRICS: A SEMANTIC STUDY', '07-10-2017', 'Gasal 2017', 'Genap 2017', 'LULUS', 'TRI RINA BUDIWATI, S.S., M.Hum', 'A', '06-02-2018', 'Dwi Santoso, TRI RINA BUDIWATI, S.S., M.'),
('360', '1311026047', 'MUHAMMAD ARIF RIZAL', 'THE STRUGGLES OF THE MAIN CHARACTER <em>RAY CHARLES ROBINSON </em>AGAINST RACISM AS SEEN IN THE FILM <em>RAY</em>', 'THE STRUGGLES OF THE MAIN CHARACTER RAY CHARLES ROBINSON AGAINST RACISM AS SEEN IN THE FILM RAY', '02-05-2018', 'Genap 2017', '', 'SEDANG DIKERJAKAN', 'Drs. NIZAM AHSANI, M.Hum.', '', '', ''),
('361', '1311026049', 'ELYANA PARLYN', 'POLITENESS PRINCIPLES USED IN COMMUNICATION AMONG STUDENTS AND LECTURERS AT ENGLISH LITERATURE DEPARTMENT, UNIVERSITAS AHMAD DAHLAN: A PRAGMATIC ANALYSIS<br />', 'POLITENESS PRINCIPLES USED IN COMMUNICATION AMONG STUDENTS AND LECTURERS AT ENGLISH LITERATURE DEPARTMENT, UNIVERSITAS AHMAD DAHLAN: A PRAGMATIC ANALYSIS', '21-08-2017', 'Genap 2016', 'Gasal 2017', 'LULUS', 'TRI RINA BUDIWATI, S.S., M.Hum', 'A', '21-08-2017', 'Dwi Santoso, TRI RINA BUDIWATI, S.S., M.'),
('362', '1400026001', 'RENY DWIJAYANTI', 'AMERICAN LIFESTYLE IN BRUNO MARS&#39;S SONG LYRICS AS REFLECTED IN 24K MAGIC ALBUM<br />', 'AMERICAN LIFESTYLE IN BRUNO MARS\'S SONG LYRICS AS REFLECTED IN 24K MAGIC ALBUM', '19-04-2018', 'Genap 2017', '', 'LULUS', 'Drs. NIZAM AHSANI, M.Hum.', '', '08-02-2019', 'ULAYA AHDIANI, S.S., M.Hum., Dra. ANI WI'),
('363', '1400026002', 'FARIDA NURAINI', 'PSYCHOPATIC DISORDER ON THE MURDER OF AGATHA CHRISTIE&#39;S <em>THE ABC MURDERS</em><br />', 'PSYCHOPATIC DISORDER ON THE MURDER OF AGATHA CHRISTIE\'S THE ABC MURDERS', '05-04-2018', 'Genap 2017', '', 'SEDANG DIKERJAKAN', 'WAJIRAN, S.S.,M.A.', '', '', ''),
('364', '1400026003', 'QONITA NUR AZIZAH', 'TRUMP&#39;S CONSERVATIVE VALUES AND MEDIA IN WINNING OF AMERICAN PRESIDENTIAL ELECTION OF 2016<br />', 'TRUMP\'S CONSERVATIVE VALUES AND MEDIA IN WINNING OF AMERICAN PRESIDENTIAL ELECTION OF 2016', '09-04-2018', 'Genap 2017', 'Gasal 2018', 'LULUS', 'Dr. Didik Murwantono,M.Hum', '', '20-10-2018', 'Dr. Didik Murwantono,M.Hum, ULAYA AHDIAN'),
('365', '1400026005', 'SEPTIAN TRI FAJARANI', 'LIBERAL FEMINIST VALUES AS REFLECTED IN LEO TOLSTOY&#39;S <em>ANNA KARENINA</em><br />', 'LIBERAL FEMINIST VALUES AS REFLECTED IN LEO TOLSTOY\'S ANNA KARENINA', '06-04-2018', 'Genap 2017', 'Gasal 2018', 'LULUS', 'ULAYA AHDIANI, S.S., M.Hum.', '', '25-01-2019', 'ULAYA AHDIANI, S.S., M.Hum., WAJIRAN, S.'),
('366', '1400026011', 'SITTI HARDIANTI', 'WOMEN&#39;S RESISTANCE IN THE CHARACTER OF ELIZABETH BENNET IN <em>PRIDE AND PREJUDICE </em>AND HESTER PRYNNE IN <em>SCARLET LETTER</em>: A COMPARATIVE STUDY', 'WOMEN\'S RESISTANCE IN THE CHARACTER OF ELIZABETH BENNET IN PRIDE AND PREJUDICE AND HESTER PRYNNE IN SCARLET LETTER: A COMPARATIVE STUDY', '09-11-2017', 'Gasal 2017', 'Genap 2017', 'LULUS', 'IDA PUSPITA, S.S.,M.A.Res.', 'A', '05-07-2018', 'ULAYA AHDIANI, S.S., M.Hum., TRI RINA BU'),
('367', '1400026012', 'RUDIAN', 'SPEECH ACTS USED IN THE SCRIPT OF <em>THE FIRST TRUMP-CLINTON PRESIDENTIAL DEBATE</em> : PRAGMATIC APPROACH<br />', 'SPEECH ACTS USED IN THE SCRIPT OF THE FIRST TRUMP-CLINTON PRESIDENTIAL DEBATE : PRAGMATIC APPROACH', '02-05-2018', 'Genap 2017', 'Gasal 2018', 'LULUS', 'Drs. MAFTUKHIN, M.Hum.', '', '22-09-2018', 'Ajar Pradika Ananta Tur,S.S.,M.A, Drs. M'),
('368', '1400026013', 'GUNTORO GAYUH AJI', 'LOVE DIMENSION IN <em>THE MEANING OF LOVE</em> BY JALALUDDIN RUMI: AN EXPRESSIVE APPROACH<br />', 'LOVE DIMENSION IN THE MEANING OF LOVE BY JALALUDDIN RUMI: AN EXPRESSIVE APPROACH', '16-04-2018', 'Genap 2017', 'Gasal 2018', 'LULUS', 'WAJIRAN, S.S.,M.A.', '', '09-02-2019', 'ULAYA AHDIANI, S.S., M.Hum., WAJIRAN, S.'),
('369', '1400026015', 'SYAIFUR RIZAL', 'SOCIAL AND POLITICAL CRITICISM AS SEEN IN GREEN DAY&#39;S SONG LTRICS AND MUSIC CLIPS<br />', 'SOCIAL AND POLITICAL CRITICISM AS SEEN IN GREEN DAY\'S SONG LTRICS AND MUSIC CLIPS', '02-05-2018', 'Genap 2017', '', 'SEDANG DIKERJAKAN', 'Drs. NIZAM AHSANI, M.Hum.', '', '', ''),
('370', '1400026016', 'ATIKA SARI NABILLAH', 'SPIRIT OF FEMINISM AS REFLECTED IN KATY PERRY&#39;S ALBUM <em>PRISM</em><br />', 'SPIRIT OF FEMINISM AS REFLECTED IN KATY PERRY\'S ALBUM PRISM', '10-11-2017', 'Gasal 2017', 'Genap 2017', 'LULUS', 'Dra. ANI WINDARTI, M.Hum.', '', '25-06-2018', 'Dra. ANI WINDARTI, M.Hum., Drs. NIZAM AH'),
('371', '1400026017', 'NOOR HIKMAH', 'THE CONTRIBUTIONS OF KENNY LEON TO THE AMERICAN THEATER<br />', 'THE CONTRIBUTIONS OF KENNY LEON TO THE AMERICAN THEATER', '24-03-2018', 'Genap 2017', '', 'SEDANG DIKERJAKAN', 'Dra. ANI WINDARTI, M.Hum.', '', '', ''),
('372', '1400026018', 'EKA FELINDA', 'FEMINIST SYMBOLS IN AMERICAN SUPER HEROINES AS SEEN IN MOVIE POSTERS', 'FEMINIST SYMBOLS IN AMERICAN SUPER HEROINES AS SEEN IN MOVIE POSTERS', '06-04-2018', 'Genap 2017', 'Gasal 2018', 'LULUS', 'Dra. ANI WINDARTI, M.Hum.', '', '12-10-2018', 'ULAYA AHDIANI, S.S., M.Hum., Dra. ANI WI'),
('373', '1400026020', 'MAISY BAHARIZKI', 'INDONESIAN-ENGLISH CODE MIXING USED BY ASK.FM USERS ON ANSWER PAGE: A SOCIOLINGUISTIC ANALYSIS', 'INDONESIAN-ENGLISH CODE MIXING USED BY ASK.FM USERS ON ANSWER PAGE: A SOCIOLINGUISTIC ANALYSIS', '06-04-2018', 'Genap 2017', 'Gasal 2018', 'LULUS', 'Drs. MAFTUKHIN, M.Hum.', '', '01-11-2018', 'TRI RINA BUDIWATI, S.S., M.Hum, Ajar Pra'),
('374', '1400026021', 'BOBI ANDIKA PUTRA', '<p>WOMEN&#39;S PORTRAYAL AS SEEN IN DESTINY&#39;S CHILD&#39;S SONG LYRICS: A POST-FEMINIST APPROACH</p>', 'WOMEN\'S PORTRAYAL AS SEEN IN DESTINY\'S CHILD\'S SONG LYRICS: A POST-FEMINIST APPROACH', '06-04-2018', 'Genap 2017', 'Gasal 2018', 'LULUS', 'Dra. ANI WINDARTI, M.Hum.', '', '21-09-2018', 'Dra. ANI WINDARTI, M.Hum., Drs. NIZAM AH'),
('375', '1400026022', 'RAKA DANY RESPATI', 'SWEAR WORDS USED IN <em>GRAND THEFT AUTO V </em>GAME: A SOCIOLINGUISTIC APPROACH', 'SWEAR WORDS USED IN GRAND THEFT AUTO V GAME: A SOCIOLINGUISTIC APPROACH', '06-04-2018', 'Genap 2017', 'Gasal 2018', 'LULUS', 'TRI RINA BUDIWATI, S.S., M.Hum', '', '21-11-2018', 'TRI RINA BUDIWATI, S.S., M.Hum, Ajar Pra'),
('376', '1400026023', 'CHERIA WINA WINONA', 'CODE MIXING USED IN THE MUSIC SHOW &quot;<em>AFTER SCHOOL CLUB&quot; </em>IN ARIRANG TV : A SOCIOLINGUISTIC STUDY<br />', 'CODE MIXING USED IN THE MUSIC SHOW \"AFTER SCHOOL CLUB\" IN ARIRANG TV : A SOCIOLINGUISTIC STUDY', '06-04-2018', 'Genap 2017', 'Gasal 2018', 'LULUS', 'TRI RINA BUDIWATI, S.S., M.Hum', '', '06-02-2019', 'TRI RINA BUDIWATI, S.S., M.Hum, Ajar Pra'),
('377', '1400026024', 'FUJI KUSMAWATI', 'THE PERSONALITY OF KATE P AS THE MAIN CHARACTER IN <em>THE EMERALD ATLAS </em>BY JOHN STEPHENS : A PSYCHOANALYSIS STUDY <br />', 'THE PERSONALITY OF KATE P AS THE MAIN CHARACTER IN THE EMERALD ATLAS BY JOHN STEPHENS : A PSYCHOANALYSIS STUDY ', '05-04-2018', 'Genap 2017', 'Gasal 2018', 'LULUS', 'WAJIRAN, S.S.,M.A.', '', '13-10-2018', 'ULAYA AHDIANI, S.S., M.Hum., WAJIRAN, S.'),
('378', '1400026025', 'ROSLAINI', 'THE ROLES OF AMERICAN POLITICAL SATIRE AS SEEN IN ANIMATED VIDEOS AND CARICATURES OF TRUMP&#39;S PRESIDENTIAL ELECTION 2016', 'THE ROLES OF AMERICAN POLITICAL SATIRE AS SEEN IN ANIMATED VIDEOS AND CARICATURES OF TRUMP\'S PRESIDENTIAL ELECTION 2016', '26-03-2018', 'Genap 2017', 'Gasal 2018', 'LULUS', 'Dr. Didik Murwantono,M.Hum', '', '22-09-2018', 'Dr. Didik Murwantono,M.Hum, Dra. ANI WIN'),
('379', '1400026027', 'AISA MELINDA', 'BEYONCE&#39;S PROTEST SONGS: A GENDER PERSPECTIVE<br />', 'BEYONCE\'S PROTEST SONGS: A GENDER PERSPECTIVE', '05-03-2018', 'Genap 2017', 'Gasal 2018', 'LULUS', 'Dra. ANI WINDARTI, M.Hum.', 'B+', '25-06-2018', 'Dr. Didik Murwantono,M.Hum, Dra. ANI WIN'),
('380', '1400026028', 'BAYU PRIAMBODO', 'MEDIA MANIPULATION IN AMERICAN&nbsp;PRESIDENTIAL ELECTION AS REFLECTED IN THE DOCUMENTARY FILM <em>SPIN </em>(1995)<br />', 'MEDIA MANIPULATION IN AMERICAN PRESIDENTIAL ELECTION AS REFLECTED IN THE DOCUMENTARY FILM SPIN (1995)', '06-04-2018', 'Genap 2017', 'Gasal 2018', 'LULUS', 'Dra. ANI WINDARTI, M.Hum.', '', '26-11-2018', 'ULAYA AHDIANI, S.S., M.Hum., Dra. ANI WI'),
('381', '1400026031', 'JORDAN PRASETYAWAN', 'THE STRUGGLES OF RACHEL ALIENE CORRIE AS AN AMERICAN AND PALESTINIAN PEACE ACTIVIST AGAINST THE ZIONIST IN NOVEL <em>LET ME STAND ALONE</em><br />', 'THE STRUGGLES OF RACHEL ALIENE CORRIE AS AN AMERICAN AND PALESTINIAN PEACE ACTIVIST AGAINST THE ZIONIST IN NOVEL LET ME STAND ALONE', '02-05-2018', 'Genap 2017', '', 'SEDANG DIKERJAKAN', 'Drs. NIZAM AHSANI, M.Hum.', '', '', ''),
('382', '1400026032', 'ANGGA SYAH SAPUTRA', 'GENDER ISSUES AS SEEN IN THE 2016 U.S  PRESIDENTIAL ELECTION SPEECHES AND DEBATES SCRIPTS<br />', 'GENDER ISSUES AS SEEN IN THE 2016 U.S  PRESIDENTIAL ELECTION SPEECHES AND DEBATES SCRIPTS', '16-04-2018', 'Genap 2017', 'Gasal 2018', 'LULUS', 'Dra. ANI WINDARTI, M.Hum.', '', '12-02-2019', 'ULAYA AHDIANI, S.S., M.Hum., Dra. ANI WI'),
('383', '1400026033', 'MUHAMMAD AGUNG DWIDAYA PUTRA', 'TRUMP&#39;S CRITICISM ON THE IRONY OF AMERICAN SECULARISM AS REFLECTED DONALD TRUMP&#39;S DOCUMENTARY CAMPAIGN VIDEOS <em>TRUMP ON SEPARATION OF CHURCH AND STATE</em>', 'TRUMP\'S CRITICISM ON THE IRONY OF AMERICAN SECULARISM AS REFLECTED DONALD TRUMP\'S DOCUMENTARY CAMPAIGN VIDEOS TRUMP ON SEPARATION OF CHURCH AND STATE', '09-04-2018', 'Genap 2017', 'Gasal 2018', 'LULUS', 'Drs. NIZAM AHSANI, M.Hum.', '', '08-10-2018', 'ULAYA AHDIANI, S.S., M.Hum., Dra. ANI WI'),
('384', '1400026035', 'DESI WULANDARI', 'A MORPHOLOGICAL ANALYSIS ON DERIVATIONAL SUFFIXES <em>IN CRESSIDA COWEL&#39;S HOW TO TRAIN YOUR DRAGON I</em>', 'A MORPHOLOGICAL ANALYSIS ON DERIVATIONAL SUFFIXES IN CRESSIDA COWEL\'S HOW TO TRAIN YOUR DRAGON I', '09-04-2018', 'Genap 2017', 'Gasal 2018', 'LULUS', 'Drs. MAFTUKHIN, M.Hum.', '', '16-01-2019', 'TRI RINA BUDIWATI, S.S., M.Hum, Ajar Pra'),
('385', '1400026036', 'YUDA PRATAMA', 'A SYNTACTIC ANALYSIS OF NOUN PHRASE USED IN THE SPEECHES OF THREE  COUNTRY LEADERS', 'A SYNTACTIC ANALYSIS OF NOUN PHRASE USED IN THE SPEECHES OF THREE  COUNTRY LEADERS', '24-03-2018', 'Genap 2017', 'Genap 2017', 'LULUS', 'Drs. MAFTUKHIN, M.Hum.', '', '25-05-2018', 'Drs.Japen Sarage,M.A., TRI RINA BUDIWATI'),
('386', '1400026037', 'NUR DWI SEPTYANI', 'PSYCHOSOCIAL DEVELOPMENT OF THE MAIN CHARACTER IN NATSUME SOSEKI&#39;S <em>BOTCHAN</em><br />', 'PSYCHOSOCIAL DEVELOPMENT OF THE MAIN CHARACTER IN NATSUME SOSEKI\'S BOTCHAN', '05-04-2018', 'Genap 2017', 'Gasal 2018', 'LULUS', 'WAJIRAN, S.S.,M.A.', '', '16-11-2018', 'ULAYA AHDIANI, S.S., M.Hum., WAJIRAN, S.'),
('387', '1400026038', 'RIZKI EKA PUTRI ALDA', 'THE STRUGGLE OF WOMEN AS THE SECOND SEX IN PAULO CEOLHO&#39;S <em>ELEVEN MINUTES </em>AND RAMAYDA AKMAL&#39;S <em>JATISABA: </em>A COMPARATIVE STUDY<br />', 'THE STRUGGLE OF WOMEN AS THE SECOND SEX IN PAULO CEOLHO\'S ELEVEN MINUTES AND RAMAYDA AKMAL\'S JATISABA: A COMPARATIVE STUDY', '09-11-2017', 'Gasal 2017', 'Genap 2017', 'LULUS', 'IDA PUSPITA, S.S.,M.A.Res.', 'A', '06-07-2018', 'ULAYA AHDIANI, S.S., M.Hum., TRI RINA BU'),
('388', '1400026039', 'RENY RAHMAWATI', 'THE PERSONALITY OF MAIN CHARACTERS IN EDGAR ALLAN POE&#39;S SHORT STORIES <em>&quot;THE BLACK CAT&quot;</em> AND <em>&quot;THE TELL-TALE HEART&quot;</em>', 'THE PERSONALITY OF MAIN CHARACTERS IN EDGAR ALLAN POE\'S SHORT STORIES \"THE BLACK CAT\" AND \"THE TELL-TALE HEART\"', '09-04-2018', 'Genap 2017', 'Gasal 2018', 'LULUS', 'DR. HJ. RA. NOER DODDY IRMAWATI, M.Hum', '', '13-10-2018', 'WAJIRAN, S.S.,M.A., DR. HJ. RA. NOER DOD'),
('389', '1400026040', 'SARAH AULIA ZULFIANA', 'IMPLICATURE USED IN MEMES ON 9GAG.COM INSTAGRAM ACCOUNT: A PRAGMATIC ANALYSIS', 'IMPLICATURE USED IN MEMES ON 9GAG.COM INSTAGRAM ACCOUNT: A PRAGMATIC ANALYSIS', '07-11-2017', 'Gasal 2017', 'Gasal 2018', 'LULUS', 'TRI RINA BUDIWATI, S.S., M.Hum', '', '20-08-2018', 'TRI RINA BUDIWATI, S.S., M.Hum, Ajar Pra'),
('390', '1400026041', 'AYU MEGA DILIANA KARTIKA SARI', 'FEMINIST VALUES AS REFLECTED IN MICHELLE OBAMA&#39;S DOCUMENTARIES SPEECHES <br />', 'FEMINIST VALUES AS REFLECTED IN MICHELLE OBAMA\'S DOCUMENTARIES SPEECHES ', '05-03-2018', 'Genap 2017', 'Genap 2017', 'LULUS', 'Dra. ANI WINDARTI, M.Hum.', '', '22-06-2018', 'Dr. Didik Murwantono,M.Hum, Dra. ANI WIN'),
('391', '1400026043', 'DEYANITA PUTERI IRAWATI', 'WOMEN&#39;S IMAGE AS SEEN IN THE ADVERTISEMENTS OF <em>HARPER&#39;S BAZAAR </em>AMERICAN WOMEN MAGAZINE', 'WOMEN\'S IMAGE AS SEEN IN THE ADVERTISEMENTS OF HARPER\'S BAZAAR AMERICAN WOMEN MAGAZINE', '05-03-2008', 'Genap 2017', 'Gasal 2018', 'LULUS', 'Dra. ANI WINDARTI, M.Hum.', '', '12-10-2018', 'Dra. ANI WINDARTI, M.Hum., Drs. NIZAM AH'),
('392', '1400026044', 'ERMA NUR SAFITRI', 'A SEMIOTIC ANALYSIS ON <em>LET IT BE </em>ALBUM WRITTEN BY <em>THE BEATLES </em>BASED ON C. S. PEIRCE&#39;S THEORY', 'A SEMIOTIC ANALYSIS ON LET IT BE ALBUM WRITTEN BY THE BEATLES BASED ON C. S. PEIRCE\'S THEORY', '06-04-2018', 'Genap 2017', 'Gasal 2018', 'LULUS', 'TRI RINA BUDIWATI, S.S., M.Hum', '', '06-02-2019', 'TRI RINA BUDIWATI, S.S., M.Hum, Ajar Pra'),
('393', '1400026045', 'AMADEA YULFA DWI INDRIANI', 'CODE MIXING USED IN SUHAY SALIM&#39;S VLOGS : A SOCIOLINGUISTIC STUDY<br />', 'CODE MIXING USED IN SUHAY SALIM\'S VLOGS : A SOCIOLINGUISTIC STUDY', '06-04-2018', 'Genap 2017', 'Gasal 2018', 'LULUS', 'Drs. MAFTUKHIN, M.Hum.', '', '26-12-2018', 'TRI RINA BUDIWATI, S.S., M.Hum, Ajar Pra'),
('394', '1400026047', 'INDAH PUSPITAWATI', 'TRANSLATION ERRORS FROM ENGLISH INTO INDONESIAN OF SOMAN CHAINANI&#39;S <em>THE SCHOOL FOR GOOD AND EVIL </em>TRANSLATED BY KARTIKA SOFYAN INTO <em>SEKOLAH KEBAIKAN DAN KEJAHATAN</em><br />', 'TRANSLATION ERRORS FROM ENGLISH INTO INDONESIAN OF SOMAN CHAINANI\'S THE SCHOOL FOR GOOD AND EVIL TRANSLATED BY KARTIKA SOFYAN INTO SEKOLAH KEBAIKAN DAN KEJAHATAN', '24-03-2018', 'Genap 2017', 'Gasal 2018', 'LULUS', 'TRI RINA BUDIWATI, S.S., M.Hum', '', '13-10-2018', 'TRI RINA BUDIWATI, S.S., M.Hum, Ajar Pra'),
('395', '1400026048', 'ANTONIA ELVI', 'A MORPHOLOGICAL ANALYSIS OF ENGLISH AFFIXES IN THE BUSINESS COLUMNS OF THE CNN NEWS<br />', 'A MORPHOLOGICAL ANALYSIS OF ENGLISH AFFIXES IN THE BUSINESS COLUMNS OF THE CNN NEWS', '19-04-2018', 'Genap 2017', 'Gasal 2018', 'LULUS', 'Drs. MAFTUKHIN, M.Hum.', '', '13-10-2018', 'TRI RINA BUDIWATI, S.S., M.Hum, Ajar Pra'),
('396', '1400026049', 'NISYIA RAHMATIKA BAYNINA', 'A FREUDIAN STUDY OF HUMBER&#39;S SEXUAL DISORIENTATION IN VLADIMIR NABOKOV&#39;S <em>LOLITA</em><br />', 'A FREUDIAN STUDY OF HUMBER\'S SEXUAL DISORIENTATION IN VLADIMIR NABOKOV\'S LOLITA', '05-04-2018', 'Genap 2017', 'Gasal 2018', 'LULUS', 'WAJIRAN, S.S.,M.A.', 'A', '01-08-2018', 'ULAYA AHDIANI, S.S., M.Hum., WAJIRAN, S.'),
('397', '1400026050', 'INA NUR AINUN', 'SYNTACTIC ANALYSIS OF SENTENCE TYPES AND PATTERNS USED IN POP STAR NEWS OF&nbsp;HELLO ENGLISH MAGAZINE<br />', 'SYNTACTIC ANALYSIS OF SENTENCE TYPES AND PATTERNS USED IN POP STAR NEWS OF HELLO ENGLISH MAGAZINE', '06-04-2018', 'Genap 2017', 'Gasal 2018', 'LULUS', 'Drs. MAFTUKHIN, M.Hum.', '', '05-11-2018', 'Ajar Pradika Ananta Tur,S.S.,M.A, Drs. M'),
('398', '1400026051', 'FAKHRUNNISA AJLIANA', 'FEMINIS UTOPIAN AS SEEN IN THE ADVERTISEMENT FOR AMERICAN BEAUTY PRODUCTS', 'FEMINIS UTOPIAN AS SEEN IN THE ADVERTISEMENT FOR AMERICAN BEAUTY PRODUCTS', '19-04-2018', 'Genap 2017', '', 'SEDANG DIKERJAKAN', 'Drs. NIZAM AHSANI, M.Hum.', '', '', ''),
('399', '1400026053', 'ALEX SUGANDHI', 'SYMBOLS USED IN JOHN STEINBECK&#39;S &quot;THE CHRYSANTHEMUMS&quot; : SEMIOTIC APPROACH<br />', 'SYMBOLS USED IN JOHN STEINBECK\'S \"THE CHRYSANTHEMUMS\" : SEMIOTIC APPROACH', '06-04-2018', 'Genap 2017', '', 'LULUS', 'TRI RINA BUDIWATI, S.S., M.Hum', '', '13-10-2018', 'Drs. MAFTUKHIN, M.Hum., TRI RINA BUDIWAT'),
('400', '1400026054', 'ARVAN BAGUS MUSLIHIN', 'THE PORTRAYAL OF AMERICAN SOCIETY DURING THE GREAT DEPRESSION OF THE 1930&#39;S AS REFLECTED IN JOHN STEINBECK&#39;S <em>THE GRAPES OF WRATH </em>', 'THE PORTRAYAL OF AMERICAN SOCIETY DURING THE GREAT DEPRESSION OF THE 1930\'S AS REFLECTED IN JOHN STEINBECK\'S THE GRAPES OF WRATH ', '19-04-2018', 'Genap 2017', 'Gasal 2018', 'LULUS', 'Dr. Didik Murwantono,M.Hum', '', '01-09-2018', 'ULAYA AHDIANI, S.S., M.Hum., Drs. NIZAM '),
('401', '1400026056', 'RITA SARTIKA', 'A TRANSLATION ANALYSIS IN INDONESIAN AND ENGLISH VERSION OF AHMAD TOHARI&#39;S SHORT STORY ANTHOLOGY ENTITLED <em>SENYUM KARYAMIN / KARYAMIN&#39;S SMILE</em><br />', 'A TRANSLATION ANALYSIS IN INDONESIAN AND ENGLISH VERSION OF AHMAD TOHARI\'S SHORT STORY ANTHOLOGY ENTITLED SENYUM KARYAMIN / KARYAMIN\'S SMILE', '06-04-2018', 'Genap 2017', 'Gasal 2018', 'LULUS', 'TRI RINA BUDIWATI, S.S., M.Hum', '', '24-07-2018', 'Ajar Pradika Ananta Tur,S.S.,M.A, Drs. M'),
('402', '1400026057', 'DANU SETIAWAN', 'SPEECH ACTS AS SEEN ON FILM SCRIPT <em>TOY STORY 3</em>: PRAGMATIC APPROACH', 'SPEECH ACTS AS SEEN ON FILM SCRIPT TOY STORY 3: PRAGMATIC APPROACH', '06-04-2018', 'Genap 2017', 'Gasal 2018', 'LULUS', 'TRI RINA BUDIWATI, S.S., M.Hum', '', '09-02-2019', 'Ajar Pradika Ananta Tur,S.S.,M.A, Drs. M'),
('403', '1400026058', 'RIA INDRIANI', 'CONTEXTUAL MEANING CONTAINED ON &quot;#NEWYEAR&quot; POSTED IN TWITTER: SEMANTIC ANALYSIS', 'CONTEXTUAL MEANING CONTAINED ON \"#NEWYEAR\" POSTED IN TWITTER: SEMANTIC ANALYSIS', '05-03-2018', 'Genap 2017', 'Gasal 2018', 'LULUS', 'Drs. MAFTUKHIN, M.Hum.', '', '21-11-2018', 'Drs. MAFTUKHIN, M.Hum., TRI RINA BUDIWAT'),
('404', '1400026059', 'HANUM PARASWATI', 'DENOTATIVE AND CONNOTATIVE MEANINGS USED IN MAHER ZEIN&#39;S SONGS LYRICS : A SEMANTIC STUDY', 'DENOTATIVE AND CONNOTATIVE MEANINGS USED IN MAHER ZEIN\'S SONGS LYRICS : A SEMANTIC STUDY', '06-04-2018', 'Genap 2017', 'Gasal 2018', 'LULUS', 'TRI RINA BUDIWATI, S.S., M.Hum', '', '20-08-2018', 'Drs. MAFTUKHIN, M.Hum., TRI RINA BUDIWAT'),
('405', '1400026062', 'ULFAH MAWARDANI', 'A MORPHOLOGICAL ANALYSIS ON WORD FORMATION PROCESS FOUND IN &quot;FEATURE&quot; COLUMNS OF <em>THE JAKARTA POST</em><br />', 'A MORPHOLOGICAL ANALYSIS ON WORD FORMATION PROCESS FOUND IN \"FEATURE\" COLUMNS OF THE JAKARTA POST', '20-10-2017', 'Gasal 2017', 'Genap 2017', 'LULUS', 'Drs. MAFTUKHIN, M.Hum.', 'A', '15-02-2018', 'TRI RINA BUDIWATI, S.S., M.Hum, Drs. MAF'),
('406', '1400026063', 'NURAINI SEPTIANINGTYAS MIZANTO', 'FIGURATIVE SPEECH USED IN BILLBOARD&#39;S TOP 3 SONG LYRICS IN 2017 : STYLISTIC ANALYSIS<br />', 'FIGURATIVE SPEECH USED IN BILLBOARD\'S TOP 3 SONG LYRICS IN 2017 : STYLISTIC ANALYSIS', '06-04-2018', 'Genap 2017', '', 'SEDANG DIKERJAKAN', 'TRI RINA BUDIWATI, S.S., M.Hum', '', '', ''),
('407', '1400026065', 'NUR RACHMI HIDAYATI', 'SYMBOLS AS SEEN IN THE CHARACTERS IN THE FILM <em>THE ANGRY BIRDS </em>: SEMIOTIC ANALYSIS<br />', 'SYMBOLS AS SEEN IN THE CHARACTERS IN THE FILM THE ANGRY BIRDS : SEMIOTIC ANALYSIS', '05-01-2018', 'Gasal 2017', 'Genap 2017', 'LULUS', 'TRI RINA BUDIWATI, S.S., M.Hum', '', '18-07-2018', 'Drs.Japen Sarage,M.A., TRI RINA BUDIWATI'),
('408', '1400026066', 'DEBBY ELVIONITA', 'WOMAN&#39;S EXISTENCE IN MITCH ALBOM&#39;S <em>FOR ONE MORE DAY</em> : A FEMINISM STUDY<br />', 'WOMAN\'S EXISTENCE IN MITCH ALBOM\'S FOR ONE MORE DAY : A FEMINISM STUDY', '09-11-2017', 'Gasal 2017', 'Genap 2017', 'LULUS', 'ULAYA AHDIANI, S.S., M.Hum.', 'A', '15-02-2018', 'ULAYA AHDIANI, S.S., M.Hum., TRI RINA BU'),
('409', '1400026067', 'ANNISA FITRI', 'VERBAL AND NON-VERBAL SYMBOLS FOUND IN RACIAL ADVERTISEMENTS : A SEMIOTIC ANALYSIS<br />', 'VERBAL AND NON-VERBAL SYMBOLS FOUND IN RACIAL ADVERTISEMENTS : A SEMIOTIC ANALYSIS', '24-03-2018', 'Genap 2017', 'Gasal 2018', 'LULUS', 'TRI RINA BUDIWATI, S.S., M.Hum', '', '21-11-2018', 'Ajar Pradika Ananta Tur,S.S.,M.A, Drs. M'),
('410', '1400026068', 'VENA RETNOSARI', 'HEALTHY FOOD STYLE CAMPAIGNS AS SEEN IN THE YOUTUBE CHANNEL <em>HEALTHNUT NUTRITION</em><br />', 'HEALTHY FOOD STYLE CAMPAIGNS AS SEEN IN THE YOUTUBE CHANNEL HEALTHNUT NUTRITION', '19-04-2018', 'Genap 2017', '', 'SEDANG DIKERJAKAN', 'Drs. NIZAM AHSANI, M.Hum.', '', '', ''),
('411', '1400026069', 'ANGGI NUR RACHMASARI', 'A STYLISTIC ANALYSIS ON SELECTED SHORT STORIES FOR CHILDREN BY HANS CHRISTIAN ANDERSEN', 'A STYLISTIC ANALYSIS ON SELECTED SHORT STORIES FOR CHILDREN BY HANS CHRISTIAN ANDERSEN', '24-03-2018', 'Genap 2017', 'Gasal 2018', 'LULUS', 'TRI RINA BUDIWATI, S.S., M.Hum', '', '22-09-2018', 'TRI RINA BUDIWATI, S.S., M.Hum, Ajar Pra'),
('412', '1400026070', 'DYAH WORO LARASATI', 'MICROSTRUCTURAL AND MACROSTRUCTURAL ANAYSIS USED IN THE TRANSLATION TEXT OF &quot;SURAH AL-HAJJ&quot;: A DISCOURSE ANALYSIS', 'MICROSTRUCTURAL AND MACROSTRUCTURAL ANAYSIS USED IN THE TRANSLATION TEXT OF \"SURAH AL-HAJJ\": A DISCOURSE ANALYSIS', '27-11-2017', 'Gasal 2017', 'Genap 2017', 'LULUS', 'TRI RINA BUDIWATI, S.S., M.Hum', '', '18-05-2018', 'Drs.Japen Sarage,M.A., TRI RINA BUDIWATI'),
('413', '1400026072', 'AULIA NURAFIAH', 'CODE MIXING ANALYSIS USED BY INDONESIAN VLOGGERS : A SOCIOLINGUISTIC APPROACH<br />', 'CODE MIXING ANALYSIS USED BY INDONESIAN VLOGGERS : A SOCIOLINGUISTIC APPROACH', '19-04-2018', 'Genap 2017', 'Gasal 2018', 'LULUS', 'Drs. MAFTUKHIN, M.Hum.', '', '10-01-2019', 'TRI RINA BUDIWATI, S.S., M.Hum, Ajar Pra'),
('414', '1400026074', 'ANGGITA NOURMA DAMAYANTI', 'A SEMANTIC STUDY ON DENOTATIVE AND CONNOTATIVE MEANING USED IN ADVERTISEMENT OF SHAMPOO PRODUCTS<br />', 'A SEMANTIC STUDY ON DENOTATIVE AND CONNOTATIVE MEANING USED IN ADVERTISEMENT OF SHAMPOO PRODUCTS', '24-03-2018', 'Genap 2017', 'Gasal 2018', 'LULUS', 'TRI RINA BUDIWATI, S.S., M.Hum', '', '22-09-2018', 'TRI RINA BUDIWATI, S.S., M.Hum, Ajar Pra'),
('415', '1400026075', 'DIAN PANGESTI', 'THE USE OF SLANG IN THE RUSH HOUR 3 MOVIE : A SOCIOLINGUISTIC STUDY<br />', 'THE USE OF SLANG IN THE RUSH HOUR 3 MOVIE : A SOCIOLINGUISTIC STUDY', '24-03-2018', 'Genap 2017', 'Gasal 2018', 'LULUS', 'TRI RINA BUDIWATI, S.S., M.Hum', '', '22-09-2018', 'Drs. MAFTUKHIN, M.Hum., TRI RINA BUDIWAT'),
('416', '1400026077', 'FAHMI CHOIRUDDIN TAMMAM', 'COLLOCATION TRANSLATION USED IN PAULO COELHO&#39;S <em>THE SPY</em>: A SEMANTIC APPROACH<br />', 'COLLOCATION TRANSLATION USED IN PAULO COELHO\'S THE SPY: A SEMANTIC APPROACH', '26-03-2018', 'Genap 2017', 'Gasal 2018', 'LULUS', 'Drs. MAFTUKHIN, M.Hum.', '', '22-09-2018', 'Drs. MAFTUKHIN, M.Hum., TRI RINA BUDIWAT'),
('417', '1400026079', 'ANNISA ROFIANA', 'FIGURATIVE LANGUAGE USED IN THE ENGLISH TRANSLATION TEXT OF <em>SURAH AR-RAHM&Atilde;N</em>: A STYLISTIC ANALYSIS<br />', 'FIGURATIVE LANGUAGE USED IN THE ENGLISH TRANSLATION TEXT OF SURAH AR-RAHMÃN: A STYLISTIC ANALYSIS', '24-03-2018', 'Genap 2017', 'Gasal 2018', 'LULUS', 'TRI RINA BUDIWATI, S.S., M.Hum', '', '13-10-2018', 'TRI RINA BUDIWATI, S.S., M.Hum, Ajar Pra'),
('418', '1400026080', 'MEA FEBRIATY', '<p>MICHAEL JACKSON&#39;S STRUGGLES IN PURSUING AMERICAN DREAM AS REFLECTED IN HIS SONGS AND DOCUMENTARY FILM <em>THIS IS IT</em> </p>', 'MICHAEL JACKSON\'S STRUGGLES IN PURSUING AMERICAN DREAM AS REFLECTED IN HIS SONGS AND DOCUMENTARY FILM THIS IS IT ', '09-04-2018', 'Genap 2017', 'Gasal 2018', 'LULUS', 'Drs. NIZAM AHSANI, M.Hum.', '', '21-09-2018', 'ULAYA AHDIANI, S.S., M.Hum., Dra. ANI WI'),
('419', '1400026082', 'VINNY PRATIWI', 'CODE SWITCHING AND MIXING USED IN MUSIC PROGRAM &quot;BREAKOUT&quot; ON NET TV: A SOCIOLINGUISTIC STUDY<br />', 'CODE SWITCHING AND MIXING USED IN MUSIC PROGRAM \"BREAKOUT\" ON NET TV: A SOCIOLINGUISTIC STUDY', '24-03-2018', 'Genap 2017', 'Gasal 2018', 'LULUS', 'TRI RINA BUDIWATI, S.S., M.Hum', '', '17-09-2018', 'Drs. MAFTUKHIN, M.Hum., TRI RINA BUDIWAT'),
('420', '1400026083', 'NURJUMRIATI SAWALIA', 'A SYNTACTIC ANALYSIS IN NOUN PHRASE BY CHARLES DICKEN&#39;S &quot;THE SIGNAL MAN&quot;<br />', 'A SYNTACTIC ANALYSIS IN NOUN PHRASE BY CHARLES DICKEN\'S \"THE SIGNAL MAN\"', '24-03-2018', 'Genap 2017', 'Gasal 2018', 'LULUS', 'Drs. MAFTUKHIN, M.Hum.', '', '08-06-2018', 'TRI RINA BUDIWATI, S.S., M.Hum, Ajar Pra'),
('421', '1400026085', 'MIFTAHUDDIN AL MA ARIF', 'HIP HOP SLANG USED IN WIZ KHALIFA&#39;S SONG LYRICS: A SOCIOLINGUISTIC STUDY<br />', 'HIP HOP SLANG USED IN WIZ KHALIFA\'S SONG LYRICS: A SOCIOLINGUISTIC STUDY', '19-04-2018', 'Genap 2017', 'Gasal 2018', 'LULUS', 'TRI RINA BUDIWATI, S.S., M.Hum', '', '09-02-2019', 'TRI RINA BUDIWATI, S.S., M.Hum, Ajar Pra'),
('422', '1400026086', 'SARAH ZAKIATUN NAFISYAH', 'BLUES AND SLAVERY EXPERIENCE AS SEEN IN THE SONG LYRICS BY THREE BLACK SINGERS IN AMERICA', 'BLUES AND SLAVERY EXPERIENCE AS SEEN IN THE SONG LYRICS BY THREE BLACK SINGERS IN AMERICA', '09-07-2018', 'Gasal 2018', 'Gasal 2018', 'LULUS', 'Drs. NIZAM AHSANI, M.Hum.', '', '28-09-2018', 'ULAYA AHDIANI, S.S., M.Hum., Dra. ANI WI'),
('423', '1400026088', 'ZUAMA DEVIE FADILA', 'RACISM AS REPRESENTED IN DONALD TRUMP&#39;S POLITICAL SPEECHES: A CRITICAL DISCOURSE ANALYSIS <br />', 'RACISM AS REPRESENTED IN DONALD TRUMP\'S POLITICAL SPEECHES: A CRITICAL DISCOURSE ANALYSIS ', '27-11-2017', 'Gasal 2017', 'Gasal 2018', 'LULUS', 'TRI RINA BUDIWATI, S.S., M.Hum', 'A', '20-08-2018', 'TRI RINA BUDIWATI, S.S., M.Hum, Ajar Pra'),
('424', '1400026094', 'RATNA SEKAR DAMAYANTI', 'FIGURATIVE LANGUAGE USED IN <em>KATE CHOPIN&#39;S </em>SHORT STORIES: STYLISTIC ANALYSIS', 'FIGURATIVE LANGUAGE USED IN KATE CHOPIN\'S SHORT STORIES: STYLISTIC ANALYSIS', '24-03-2018', 'Genap 2017', '', 'LULUS', 'TRI RINA BUDIWATI, S.S., M.Hum', '', '15-10-2018', 'TRI RINA BUDIWATI, S.S., M.Hum, Ajar Pra'),
('425', '1400026095', 'MEILA YULIANA', 'SOCIAL CONFLICTS AS REFLECTED IN STEPHEN CRANE&#39;S <em>RED BADGE OF COURAGE</em><br />', 'SOCIAL CONFLICTS AS REFLECTED IN STEPHEN CRANE\'S RED BADGE OF COURAGE', '19-04-2018', 'Genap 2017', '', 'SEDANG DIKERJAKAN', 'Drs. NIZAM AHSANI, M.Hum.', '', '08-02-2019', 'ULAYA AHDIANI, S.S., M.Hum., Dra. ANI WI'),
('426', '1400026097', 'RAHMAT AMIRULHAQ', 'MIDDLE CLASS SOCIETY IN VICTORIAN ERA AS REFLECTED IN <em>PRIDE AND PREJUDICE</em>: A SOCIOLOGICAL APPROACH', 'MIDDLE CLASS SOCIETY IN VICTORIAN ERA AS REFLECTED IN PRIDE AND PREJUDICE: A SOCIOLOGICAL APPROACH', '09-04-2018', 'Genap 2017', 'Gasal 2018', 'LULUS', 'DR. HJ. RA. NOER DODDY IRMAWATI, M.Hum', '', '13-10-2018', 'DR. HJ. RA. NOER DODDY IRMAWATI, M.Hum, '),
('427', '1400026098', 'DEVI APRIYANI', 'SYMBOLS FOUND IN DAN BROWN&#39;S <em>ANGELS AND DEMONS</em>: SEMIOTIC APPROACH<br />', 'SYMBOLS FOUND IN DAN BROWN\'S ANGELS AND DEMONS: SEMIOTIC APPROACH', '24-03-2018', 'Genap 2017', 'Gasal 2018', 'LULUS', 'TRI RINA BUDIWATI, S.S., M.Hum', '', '13-10-2018', 'Drs. MAFTUKHIN, M.Hum., TRI RINA BUDIWAT'),
('428', '1400026101', 'USWATUN HASANAH', 'THE CHARACTER DEVELOPMENT OF HOLLIS WOODS IN THE NOVEL <em>PICTURES OF HOLLIS WOODS </em><br />', 'THE CHARACTER DEVELOPMENT OF HOLLIS WOODS IN THE NOVEL PICTURES OF HOLLIS WOODS ', '06-04-2018', 'Genap 2017', 'Gasal 2018', 'LULUS', 'ULAYA AHDIANI, S.S., M.Hum.', '', '01-10-2018', 'ULAYA AHDIANI, S.S., M.Hum., WAJIRAN, S.'),
('429', '1400026102', 'ARIF RAHMAN HAKIM', 'DISCRIMINATION AGAINST AMERICAN WHITE RAPPERS AS REFLECTED IN CURTIS HANSON&#39;S FILM <em>8 MILE</em>', 'DISCRIMINATION AGAINST AMERICAN WHITE RAPPERS AS REFLECTED IN CURTIS HANSON\'S FILM 8 MILE', '19-04-2018', 'Genap 2017', 'Gasal 2018', 'LULUS', 'Drs. NIZAM AHSANI, M.Hum.', '', '21-09-2018', 'ULAYA AHDIANI, S.S., M.Hum., Dra. ANI WI'),
('430', '1400026103', 'NATASYA MICHAELA DHEAKAY', 'CODE MIXING USED IN IKA NATASSA&#39;S NOVEL <em>CRITICAL ELEVEN</em>: A SOCIOLINGUISTIC STUDY&nbsp;', 'CODE MIXING USED IN IKA NATASSA\'S NOVEL CRITICAL ELEVEN: A SOCIOLINGUISTIC STUDY', '24-03-2018', 'Genap 2017', 'Gasal 2018', 'LULUS', 'Drs. MAFTUKHIN, M.Hum.', 'A-', '08-06-2018', 'Ajar Pradika Ananta Tur,S.S.,M.A, Drs. M');
INSERT INTO `tugas_akhir` (`no`, `NIM`, `nama`, `judul_sebelum`, `judul`, `tanggal_mulai`, `semester_mulai`, `semester_selesai`, `status_ta`, `dosen_pembimbing`, `nilai`, `tanggal_ujian`, `dosen_penguji`) VALUES
('431', '1400026108', 'INTAN NAFA NABILA', 'THE SURVIVAL STRATEGIES OF THE MAIN CHARACTER AS REFLECTED IN KNUT HAMSUN&#39;S <em>HUNGER</em>: A PSYCHOLOGICAL APPROACH<br />', 'THE SURVIVAL STRATEGIES OF THE MAIN CHARACTER AS REFLECTED IN KNUT HAMSUN\'S HUNGER: A PSYCHOLOGICAL APPROACH', '02-05-2018', 'Genap 2017', 'Gasal 2018', 'LULUS', 'WAJIRAN, S.S.,M.A.', '', '12-11-2018', 'ULAYA AHDIANI, S.S., M.Hum., WAJIRAN, S.'),
('432', '1401026034', 'ARMADHANY', 'RESISTANCE OF THE THIRD WORLD WOMEN IN ARUNDHATI ROY&#39;S <em>THE GOD OF SMALL THINGS: A </em>POSTCOLONIAL FEMINISM', 'RESISTANCE OF THE THIRD WORLD WOMEN IN ARUNDHATI ROY\'S THE GOD OF SMALL THINGS: A POSTCOLONIAL FEMINISM', '31-10-2016', 'Gasal 2016', 'Genap 2016', 'LULUS', 'IDA PUSPITA, S.S.,M.A.Res.', 'A', '15-03-2017', 'ULAYA AHDIANI, S.S., M.Hum., TRI RINA BU'),
('433', '1401026106', 'SELVIE MONICA SARI SUTRISNO', 'THE PERSONALITY OF KRYSTAL WEEDON IN J.K ROWLING&#39;S <em>THE CASUAL VACANCY </em>: A PSYCHOANALYSIS STUDY<br />', 'THE PERSONALITY OF KRYSTAL WEEDON IN J.K ROWLING\'S THE CASUAL VACANCY : A PSYCHOANALYSIS STUDY', '08-11-2016', 'Gasal 2016', 'Genap 2016', 'LULUS', 'ULAYA AHDIANI, S.S., M.Hum.', 'B+', '06-06-2017', 'ULAYA AHDIANI, S.S., M.Hum., TRI RINA BU'),
('434', '1500026018', 'FANI ALFIONITA SARI', 'HORROR EFFECT DEPICTED THROUGH PERLOCUTIONARY ACT IN SHIRLEY JACKSON&#39;S <em>THE LOTTERY</em><br />', 'HORROR EFFECT DEPICTED THROUGH PERLOCUTIONARY ACT IN SHIRLEY JACKSON\'S THE LOTTERY', '19-10-2018', 'Gasal 2018', 'Gasal 2018', 'LULUS', 'Ajar Pradika Ananta Tur,S.S.,M.A', '', '04-02-2019', 'Drs. MAFTUKHIN, M.Hum., TRI RINA BUDIWAT'),
('435', '1500026041', 'DISTI AYUNIAR RIZKI', 'LADY GAGA&#39;S EXPERIENCES IN HER FIVE SONGS LYRICS AS SEEN IN THE ALBUM <em>&quot;THE FAME MONSTER&quot;</em><br />', 'LADY GAGA\'S EXPERIENCES IN HER FIVE SONGS LYRICS AS SEEN IN THE ALBUM \"THE FAME MONSTER\"', '23-10-2018', 'Gasal 2018', 'Gasal 2018', 'LULUS', 'Dr. Didik Murwantono,M.Hum', '', '13-02-2019', 'Dr. Didik Murwantono,M.Hum, ULAYA AHDIAN'),
('436', '1500026044', 'ANI MASRUROH', 'A PRAGMATIC ANALYSIS ON POLITENESS STRATEGIES USED BY THE MAIN CHARACTERS IN <em>UP </em>MOVIE', 'A PRAGMATIC ANALYSIS ON POLITENESS STRATEGIES USED BY THE MAIN CHARACTERS IN UP MOVIE', '19-10-2018', 'Gasal 2018', 'Gasal 2018', 'LULUS', 'Drs. MAFTUKHIN, M.Hum.', '', '06-02-2019', 'TRI RINA BUDIWATI, S.S., M.Hum, Ajar Pra'),
('437', '1500026050', 'SONYA AUDIA', 'LANGUAGE DEVIATION USED IN JOHN STEINBECK&#39;S <em>THE GRAPES OF WRATH</em>: A STYLISTIC ANALYSIS', 'LANGUAGE DEVIATION USED IN JOHN STEINBECK\'S THE GRAPES OF WRATH: A STYLISTIC ANALYSIS', '19-10-2018', 'Gasal 2018', 'Gasal 2018', 'LULUS', 'TRI RINA BUDIWATI, S.S., M.Hum', '', '06-02-2019', 'Ajar Pradika Ananta Tur,S.S.,M.A, Drs. M'),
('438', '1500026095', 'PENTI ARUM K', 'HUMANISM AS SEEN IN THE MAIN CHARACTER OF <em>MY SISTER&#39;S KEEPER&#39;S </em>NOVEL : AN OBJECTIVE THEORY<br />', 'HUMANISM AS SEEN IN THE MAIN CHARACTER OF MY SISTER\'S KEEPER\'S NOVEL : AN OBJECTIVE THEORY', '23-10-2018', 'Gasal 2018', '', 'SEDANG DIKERJAKAN', 'WAJIRAN, S.S.,M.A.', '', '26-02-2019', 'ULAYA AHDIANI, S.S., M.Hum., WAJIRAN, S.'),
('439', '1500026105', 'YUDHI EKA PRASETYA', 'CRIMINALITY AS REFLECTED IN AMERICAN VIDEO GAMES<br />', 'CRIMINALITY AS REFLECTED IN AMERICAN VIDEO GAMES', '23-10-2018', 'Gasal 2018', 'Gasal 2018', 'LULUS', 'Dr. Didik Murwantono,M.Hum', '', '13-02-2019', 'Drs. NIZAM AHSANI, M.Hum., Dr. Didik Mur'),
('440', '1501026051', 'SARWI HENDAH KUSUMANINGAYU', 'LANGUAGE DISTURBANCES (APHASIA) AS SEEN IN YOUTUBE VIDEO &quot;MY DAD IN THE LATE STAGES OF ALZHEIMER&#39;S&quot;: A PSYCHOLINGUISTIC STUDY', 'LANGUAGE DISTURBANCES (APHASIA) AS SEEN IN YOUTUBE VIDEO \"MY DAD IN THE LATE STAGES OF ALZHEIMER\'S\": A PSYCHOLINGUISTIC STUDY', '24-09-2018', 'Gasal 2018', 'Gasal 2018', 'LULUS', 'TRI RINA BUDIWATI, S.S., M.Hum', '', '24-01-2019', 'Ajar Pradika Ananta Tur,S.S.,M.A, Drs. M'),
('441', '1501026133', 'ANUNG PRASETIANINGRUM', 'A SOCIOLINGUISTIC ANALYSIS OF WOMEN&#39;S LANGUAGE FEATURES IN <em>RICHARD NIXON&#39;S LOVE LETTERS</em>', 'A SOCIOLINGUISTIC ANALYSIS OF WOMEN\'S LANGUAGE FEATURES IN RICHARD NIXON\'S LOVE LETTERS', '25-11-2017', 'Gasal 2017', 'Genap 2017', 'LULUS', 'TRI RINA BUDIWATI, S.S., M.Hum', '', '11-05-2018', 'TRI RINA BUDIWATI, S.S., M.Hum, Drs. MAF'),
('442', '1502026033', 'AZWAR HAMIDI', 'THE CONFLICTS OF THE MAIN CHARACTER AS REFLECTED IN PAULO COELHO&#39;S <em>VERONIKA DECIDES TO DIE</em>: AN OBJECTIVE STUDY', 'THE CONFLICTS OF THE MAIN CHARACTER AS REFLECTED IN PAULO COELHO\'S VERONIKA DECIDES TO DIE: AN OBJECTIVE STUDY', '20-03-2018', 'Gasal 2017', 'Gasal 2018', 'LULUS', 'ULAYA AHDIANI, S.S., M.Hum.', '', '14-08-2018', 'ULAYA AHDIANI, S.S., M.Hum., WAJIRAN, S.');

--
-- Indexes for dumped tables
--

--
-- Indexes for table `judul`
--
ALTER TABLE `judul`
  ADD PRIMARY KEY (`id`);

--
-- Indexes for table `sc_q_tfidf`
--
ALTER TABLE `sc_q_tfidf`
  ADD PRIMARY KEY (`id`);

--
-- Indexes for table `sc_q_vector`
--
ALTER TABLE `sc_q_vector`
  ADD PRIMARY KEY (`queryid`);

--
-- Indexes for table `sc_tfidf`
--
ALTER TABLE `sc_tfidf`
  ADD PRIMARY KEY (`id`),
  ADD KEY `term` (`term`);

--
-- Indexes for table `sc_vector`
--
ALTER TABLE `sc_vector`
  ADD PRIMARY KEY (`docid`);

--
-- Indexes for table `tfidf_c`
--
ALTER TABLE `tfidf_c`
  ADD PRIMARY KEY (`id`),
  ADD KEY `term` (`term`);

--
-- Indexes for table `tugas_akhir`
--
ALTER TABLE `tugas_akhir`
  ADD PRIMARY KEY (`no`);

--
-- AUTO_INCREMENT for dumped tables
--

--
-- AUTO_INCREMENT for table `judul`
--
ALTER TABLE `judul`
  MODIFY `id` int(11) NOT NULL AUTO_INCREMENT, AUTO_INCREMENT=5;
--
-- AUTO_INCREMENT for table `sc_q_tfidf`
--
ALTER TABLE `sc_q_tfidf`
  MODIFY `id` int(4) NOT NULL AUTO_INCREMENT, AUTO_INCREMENT=9;
--
-- AUTO_INCREMENT for table `sc_tfidf`
--
ALTER TABLE `sc_tfidf`
  MODIFY `id` int(10) NOT NULL AUTO_INCREMENT, AUTO_INCREMENT=1337;
--
-- AUTO_INCREMENT for table `tfidf_c`
--
ALTER TABLE `tfidf_c`
  MODIFY `id` int(10) NOT NULL AUTO_INCREMENT, AUTO_INCREMENT=1337;COMMIT;

/*!40101 SET CHARACTER_SET_CLIENT=@OLD_CHARACTER_SET_CLIENT */;
/*!40101 SET CHARACTER_SET_RESULTS=@OLD_CHARACTER_SET_RESULTS */;
/*!40101 SET COLLATION_CONNECTION=@OLD_COLLATION_CONNECTION */;
